workerid	trial_type	qud	response	language	enjoyment	gender	age	comments	asses	education	OS	screenH	screenW	Browser	hitid	hittypeid	title	description	keywords	reward	creationtime	assignments	numavailable	numpending	numcomplete	hitstatus	reviewstatus	annotation	assignmentduration	autoapprovaldelay	hitlifetime	viewhit	assignmentid	workerid	assignmentstatus	autoapprovaltime	assignmentaccepttime	assignmentsubmittime	assignmentapprovaltime	assignmentrejecttime	deadline	feedback	reject	Answer.catch_trials	Answer.condition	Answer.time_in_minutes
0	question	blue circle	square	English	1	Male	22		Confused	2	Windows	1080	1920	Chrome	338GLSUI43BTLUUMIJ31OQMPOEMSFL	3YT1BAKETIP0CPEJFKSOHLMKK6ZHP4	Questions and Answers	Participate in a 1-2 minute &quotecharguessing game&quotechar study about how people ask and answer questions! 	language research stanford fun cognitive science university	$0.25	Wed Mar 04 20:21:03 PST 2015	50	0	0	50	Reviewable	NotReviewed	1 cond	1800	60000	Fri Apr 03 21:21:03 PDT 2015	https://requester.mturk.com/mturk/manageHIT?HITId=338GLSUI43BTLUUMIJ31OQMPOEMSFL	3FIJLY1B6U4ZUMCOG449I4CXGJ3PFO	0	Approved	Thu Mar 05 13:02:58 PST 2015	Wed Mar 04 20:21:46 PST 2015	Wed Mar 04 20:22:58 PST 2015	Wed Mar 04 22:38:22 PST 2015					[]	{}	1.1540333333333332
0	question	red circle	redCircle	English	1	Male	22		Confused	2	Windows	1080	1920	Chrome	338GLSUI43BTLUUMIJ31OQMPOEMSFL	3YT1BAKETIP0CPEJFKSOHLMKK6ZHP4	Questions and Answers	Participate in a 1-2 minute &quotecharguessing game&quotechar study about how people ask and answer questions! 	language research stanford fun cognitive science university	$0.25	Wed Mar 04 20:21:03 PST 2015	50	0	0	50	Reviewable	NotReviewed	1 cond	1800	60000	Fri Apr 03 21:21:03 PDT 2015	https://requester.mturk.com/mturk/manageHIT?HITId=338GLSUI43BTLUUMIJ31OQMPOEMSFL	3FIJLY1B6U4ZUMCOG449I4CXGJ3PFO	0	Approved	Thu Mar 05 13:02:58 PST 2015	Wed Mar 04 20:21:46 PST 2015	Wed Mar 04 20:22:58 PST 2015	Wed Mar 04 22:38:22 PST 2015					[]	{}	1.1540333333333332
1	question	blue circle	square	english	1	Male	55		Yes	2	Windows	900	1600	Chrome	338GLSUI43BTLUUMIJ31OQMPOEMSFL	3YT1BAKETIP0CPEJFKSOHLMKK6ZHP4	Questions and Answers	Participate in a 1-2 minute &quotecharguessing game&quotechar study about how people ask and answer questions! 	language research stanford fun cognitive science university	$0.25	Wed Mar 04 20:21:03 PST 2015	50	0	0	50	Reviewable	NotReviewed	1 cond	1800	60000	Fri Apr 03 21:21:03 PDT 2015	https://requester.mturk.com/mturk/manageHIT?HITId=338GLSUI43BTLUUMIJ31OQMPOEMSFL	3H7XDTSHKCRVSV5K3AOMSJK5AV5GW8	1	Approved	Thu Mar 05 13:03:29 PST 2015	Wed Mar 04 20:22:19 PST 2015	Wed Mar 04 20:23:29 PST 2015	Wed Mar 04 22:38:22 PST 2015					[]	{}	1.1418
1	question	red circle	redCircle	english	1	Male	55		Yes	2	Windows	900	1600	Chrome	338GLSUI43BTLUUMIJ31OQMPOEMSFL	3YT1BAKETIP0CPEJFKSOHLMKK6ZHP4	Questions and Answers	Participate in a 1-2 minute &quotecharguessing game&quotechar study about how people ask and answer questions! 	language research stanford fun cognitive science university	$0.25	Wed Mar 04 20:21:03 PST 2015	50	0	0	50	Reviewable	NotReviewed	1 cond	1800	60000	Fri Apr 03 21:21:03 PDT 2015	https://requester.mturk.com/mturk/manageHIT?HITId=338GLSUI43BTLUUMIJ31OQMPOEMSFL	3H7XDTSHKCRVSV5K3AOMSJK5AV5GW8	1	Approved	Thu Mar 05 13:03:29 PST 2015	Wed Mar 04 20:22:19 PST 2015	Wed Mar 04 20:23:29 PST 2015	Wed Mar 04 22:38:22 PST 2015					[]	{}	1.1418
2	question	red circle	redCircle	english	2	Female	22		Confused	3	Windows	1024	1280	Chrome	338GLSUI43BTLUUMIJ31OQMPOEMSFL	3YT1BAKETIP0CPEJFKSOHLMKK6ZHP4	Questions and Answers	Participate in a 1-2 minute &quotecharguessing game&quotechar study about how people ask and answer questions! 	language research stanford fun cognitive science university	$0.25	Wed Mar 04 20:21:03 PST 2015	50	0	0	50	Reviewable	NotReviewed	1 cond	1800	60000	Fri Apr 03 21:21:03 PDT 2015	https://requester.mturk.com/mturk/manageHIT?HITId=338GLSUI43BTLUUMIJ31OQMPOEMSFL	33F859I566DH4O2KSPA8Q5JLFU1HBT	2	Approved	Thu Mar 05 13:03:43 PST 2015	Wed Mar 04 20:21:35 PST 2015	Wed Mar 04 20:23:43 PST 2015	Wed Mar 04 22:38:22 PST 2015					[]	{}	2.093933333333333
2	question	blue circle	redCircle	english	2	Female	22		Confused	3	Windows	1024	1280	Chrome	338GLSUI43BTLUUMIJ31OQMPOEMSFL	3YT1BAKETIP0CPEJFKSOHLMKK6ZHP4	Questions and Answers	Participate in a 1-2 minute &quotecharguessing game&quotechar study about how people ask and answer questions! 	language research stanford fun cognitive science university	$0.25	Wed Mar 04 20:21:03 PST 2015	50	0	0	50	Reviewable	NotReviewed	1 cond	1800	60000	Fri Apr 03 21:21:03 PDT 2015	https://requester.mturk.com/mturk/manageHIT?HITId=338GLSUI43BTLUUMIJ31OQMPOEMSFL	33F859I566DH4O2KSPA8Q5JLFU1HBT	2	Approved	Thu Mar 05 13:03:43 PST 2015	Wed Mar 04 20:21:35 PST 2015	Wed Mar 04 20:23:43 PST 2015	Wed Mar 04 22:38:22 PST 2015					[]	{}	2.093933333333333
3	question	red circle	redCircle	English	1	Female	36		Yes	4	Mac	800	1280	Safari	338GLSUI43BTLUUMIJ31OQMPOEMSFL	3YT1BAKETIP0CPEJFKSOHLMKK6ZHP4	Questions and Answers	Participate in a 1-2 minute &quotecharguessing game&quotechar study about how people ask and answer questions! 	language research stanford fun cognitive science university	$0.25	Wed Mar 04 20:21:03 PST 2015	50	0	0	50	Reviewable	NotReviewed	1 cond	1800	60000	Fri Apr 03 21:21:03 PDT 2015	https://requester.mturk.com/mturk/manageHIT?HITId=338GLSUI43BTLUUMIJ31OQMPOEMSFL	3BEFOD78W6TJB3IM47GYAWLBMOIM40	3	Approved	Thu Mar 05 13:03:44 PST 2015	Wed Mar 04 20:21:52 PST 2015	Wed Mar 04 20:23:44 PST 2015	Wed Mar 04 22:38:22 PST 2015					[]	{}	1.8171166666666667
3	question	blue circle	redCircle	English	1	Female	36		Yes	4	Mac	800	1280	Safari	338GLSUI43BTLUUMIJ31OQMPOEMSFL	3YT1BAKETIP0CPEJFKSOHLMKK6ZHP4	Questions and Answers	Participate in a 1-2 minute &quotecharguessing game&quotechar study about how people ask and answer questions! 	language research stanford fun cognitive science university	$0.25	Wed Mar 04 20:21:03 PST 2015	50	0	0	50	Reviewable	NotReviewed	1 cond	1800	60000	Fri Apr 03 21:21:03 PDT 2015	https://requester.mturk.com/mturk/manageHIT?HITId=338GLSUI43BTLUUMIJ31OQMPOEMSFL	3BEFOD78W6TJB3IM47GYAWLBMOIM40	3	Approved	Thu Mar 05 13:03:44 PST 2015	Wed Mar 04 20:21:52 PST 2015	Wed Mar 04 20:23:44 PST 2015	Wed Mar 04 22:38:22 PST 2015					[]	{}	1.8171166666666667
4	question	red circle	redCircle	english	2	Female	27		Yes	3	Windows	900	1600	Chrome	338GLSUI43BTLUUMIJ31OQMPOEMSFL	3YT1BAKETIP0CPEJFKSOHLMKK6ZHP4	Questions and Answers	Participate in a 1-2 minute &quotecharguessing game&quotechar study about how people ask and answer questions! 	language research stanford fun cognitive science university	$0.25	Wed Mar 04 20:21:03 PST 2015	50	0	0	50	Reviewable	NotReviewed	1 cond	1800	60000	Fri Apr 03 21:21:03 PDT 2015	https://requester.mturk.com/mturk/manageHIT?HITId=338GLSUI43BTLUUMIJ31OQMPOEMSFL	30LB5CDZNCA2BMZ40VJQ6VR7KGKZ0E	4	Approved	Thu Mar 05 13:05:56 PST 2015	Wed Mar 04 20:24:09 PST 2015	Wed Mar 04 20:25:56 PST 2015	Wed Mar 04 22:38:23 PST 2015					[]	{}	1.7410666666666668
4	question	blue circle	square	english	2	Female	27		Yes	3	Windows	900	1600	Chrome	338GLSUI43BTLUUMIJ31OQMPOEMSFL	3YT1BAKETIP0CPEJFKSOHLMKK6ZHP4	Questions and Answers	Participate in a 1-2 minute &quotecharguessing game&quotechar study about how people ask and answer questions! 	language research stanford fun cognitive science university	$0.25	Wed Mar 04 20:21:03 PST 2015	50	0	0	50	Reviewable	NotReviewed	1 cond	1800	60000	Fri Apr 03 21:21:03 PDT 2015	https://requester.mturk.com/mturk/manageHIT?HITId=338GLSUI43BTLUUMIJ31OQMPOEMSFL	30LB5CDZNCA2BMZ40VJQ6VR7KGKZ0E	4	Approved	Thu Mar 05 13:05:56 PST 2015	Wed Mar 04 20:24:09 PST 2015	Wed Mar 04 20:25:56 PST 2015	Wed Mar 04 22:38:23 PST 2015					[]	{}	1.7410666666666668
5	question	blue circle	redCircle	English	1	Female	36	I&quotecharm not if this was a bug, but I was asked the same question and given the same two answers (square? red circle?) to choose from twice. Just thought you should know. Thanks for the opportunity.	Yes	3	Linux	768	1366	Chrome	338GLSUI43BTLUUMIJ31OQMPOEMSFL	3YT1BAKETIP0CPEJFKSOHLMKK6ZHP4	Questions and Answers	Participate in a 1-2 minute &quotecharguessing game&quotechar study about how people ask and answer questions! 	language research stanford fun cognitive science university	$0.25	Wed Mar 04 20:21:03 PST 2015	50	0	0	50	Reviewable	NotReviewed	1 cond	1800	60000	Fri Apr 03 21:21:03 PDT 2015	https://requester.mturk.com/mturk/manageHIT?HITId=338GLSUI43BTLUUMIJ31OQMPOEMSFL	39U1BHVTDLR262P2DQCRM5OX2WIT3N	5	Approved	Thu Mar 05 13:05:59 PST 2015	Wed Mar 04 20:21:55 PST 2015	Wed Mar 04 20:25:59 PST 2015	Wed Mar 04 22:38:23 PST 2015					[]	{}	4.024333333333334
5	question	red circle	redCircle	English	1	Female	36	I&quotecharm not if this was a bug, but I was asked the same question and given the same two answers (square? red circle?) to choose from twice. Just thought you should know. Thanks for the opportunity.	Yes	3	Linux	768	1366	Chrome	338GLSUI43BTLUUMIJ31OQMPOEMSFL	3YT1BAKETIP0CPEJFKSOHLMKK6ZHP4	Questions and Answers	Participate in a 1-2 minute &quotecharguessing game&quotechar study about how people ask and answer questions! 	language research stanford fun cognitive science university	$0.25	Wed Mar 04 20:21:03 PST 2015	50	0	0	50	Reviewable	NotReviewed	1 cond	1800	60000	Fri Apr 03 21:21:03 PDT 2015	https://requester.mturk.com/mturk/manageHIT?HITId=338GLSUI43BTLUUMIJ31OQMPOEMSFL	39U1BHVTDLR262P2DQCRM5OX2WIT3N	5	Approved	Thu Mar 05 13:05:59 PST 2015	Wed Mar 04 20:21:55 PST 2015	Wed Mar 04 20:25:59 PST 2015	Wed Mar 04 22:38:23 PST 2015					[]	{}	4.024333333333334
6	question	red circle	redCircle	English	2	Male	39	interesting	Yes	3	Windows	1080	1920	Chrome	338GLSUI43BTLUUMIJ31OQMPOEMSFL	3YT1BAKETIP0CPEJFKSOHLMKK6ZHP4	Questions and Answers	Participate in a 1-2 minute &quotecharguessing game&quotechar study about how people ask and answer questions! 	language research stanford fun cognitive science university	$0.25	Wed Mar 04 20:21:03 PST 2015	50	0	0	50	Reviewable	NotReviewed	1 cond	1800	60000	Fri Apr 03 21:21:03 PDT 2015	https://requester.mturk.com/mturk/manageHIT?HITId=338GLSUI43BTLUUMIJ31OQMPOEMSFL	31LM9EDVOLSFW3M7JFI2TDZU9BIJNO	6	Approved	Thu Mar 05 13:06:34 PST 2015	Wed Mar 04 20:23:05 PST 2015	Wed Mar 04 20:26:34 PST 2015	Wed Mar 04 22:38:23 PST 2015					[]	{}	3.4364666666666666
6	question	blue circle	redCircle	English	2	Male	39	interesting	Yes	3	Windows	1080	1920	Chrome	338GLSUI43BTLUUMIJ31OQMPOEMSFL	3YT1BAKETIP0CPEJFKSOHLMKK6ZHP4	Questions and Answers	Participate in a 1-2 minute &quotecharguessing game&quotechar study about how people ask and answer questions! 	language research stanford fun cognitive science university	$0.25	Wed Mar 04 20:21:03 PST 2015	50	0	0	50	Reviewable	NotReviewed	1 cond	1800	60000	Fri Apr 03 21:21:03 PDT 2015	https://requester.mturk.com/mturk/manageHIT?HITId=338GLSUI43BTLUUMIJ31OQMPOEMSFL	31LM9EDVOLSFW3M7JFI2TDZU9BIJNO	6	Approved	Thu Mar 05 13:06:34 PST 2015	Wed Mar 04 20:23:05 PST 2015	Wed Mar 04 20:26:34 PST 2015	Wed Mar 04 22:38:23 PST 2015					[]	{}	3.4364666666666666
7	question	blue circle	redCircle	English	1	Male	30		Confused	3	Windows	1024	1280	Chrome	338GLSUI43BTLUUMIJ31OQMPOEMSFL	3YT1BAKETIP0CPEJFKSOHLMKK6ZHP4	Questions and Answers	Participate in a 1-2 minute &quotecharguessing game&quotechar study about how people ask and answer questions! 	language research stanford fun cognitive science university	$0.25	Wed Mar 04 20:21:03 PST 2015	50	0	0	50	Reviewable	NotReviewed	1 cond	1800	60000	Fri Apr 03 21:21:03 PDT 2015	https://requester.mturk.com/mturk/manageHIT?HITId=338GLSUI43BTLUUMIJ31OQMPOEMSFL	3ZSANO2JCF7W7ESG8L83D9H833ASF7	7	Approved	Thu Mar 05 13:06:47 PST 2015	Wed Mar 04 20:24:39 PST 2015	Wed Mar 04 20:26:47 PST 2015	Wed Mar 04 22:38:23 PST 2015					[]	{}	2.1023833333333335
7	question	red circle	redCircle	English	1	Male	30		Confused	3	Windows	1024	1280	Chrome	338GLSUI43BTLUUMIJ31OQMPOEMSFL	3YT1BAKETIP0CPEJFKSOHLMKK6ZHP4	Questions and Answers	Participate in a 1-2 minute &quotecharguessing game&quotechar study about how people ask and answer questions! 	language research stanford fun cognitive science university	$0.25	Wed Mar 04 20:21:03 PST 2015	50	0	0	50	Reviewable	NotReviewed	1 cond	1800	60000	Fri Apr 03 21:21:03 PDT 2015	https://requester.mturk.com/mturk/manageHIT?HITId=338GLSUI43BTLUUMIJ31OQMPOEMSFL	3ZSANO2JCF7W7ESG8L83D9H833ASF7	7	Approved	Thu Mar 05 13:06:47 PST 2015	Wed Mar 04 20:24:39 PST 2015	Wed Mar 04 20:26:47 PST 2015	Wed Mar 04 22:38:23 PST 2015					[]	{}	2.1023833333333335
8	question	red circle	redCircle	English	1	Male	34	no comments	Yes	3	Windows	768	1366	Chrome	338GLSUI43BTLUUMIJ31OQMPOEMSFL	3YT1BAKETIP0CPEJFKSOHLMKK6ZHP4	Questions and Answers	Participate in a 1-2 minute &quotecharguessing game&quotechar study about how people ask and answer questions! 	language research stanford fun cognitive science university	$0.25	Wed Mar 04 20:21:03 PST 2015	50	0	0	50	Reviewable	NotReviewed	1 cond	1800	60000	Fri Apr 03 21:21:03 PDT 2015	https://requester.mturk.com/mturk/manageHIT?HITId=338GLSUI43BTLUUMIJ31OQMPOEMSFL	33OOO72IVHLQJ2LL6JNSF8SR89VTCL	8	Approved	Thu Mar 05 13:06:59 PST 2015	Wed Mar 04 20:22:52 PST 2015	Wed Mar 04 20:26:59 PST 2015	Wed Mar 04 22:38:23 PST 2015					[]	{}	0.9871166666666666
8	question	blue circle	square	English	1	Male	34	no comments	Yes	3	Windows	768	1366	Chrome	338GLSUI43BTLUUMIJ31OQMPOEMSFL	3YT1BAKETIP0CPEJFKSOHLMKK6ZHP4	Questions and Answers	Participate in a 1-2 minute &quotecharguessing game&quotechar study about how people ask and answer questions! 	language research stanford fun cognitive science university	$0.25	Wed Mar 04 20:21:03 PST 2015	50	0	0	50	Reviewable	NotReviewed	1 cond	1800	60000	Fri Apr 03 21:21:03 PDT 2015	https://requester.mturk.com/mturk/manageHIT?HITId=338GLSUI43BTLUUMIJ31OQMPOEMSFL	33OOO72IVHLQJ2LL6JNSF8SR89VTCL	8	Approved	Thu Mar 05 13:06:59 PST 2015	Wed Mar 04 20:22:52 PST 2015	Wed Mar 04 20:26:59 PST 2015	Wed Mar 04 22:38:23 PST 2015					[]	{}	0.9871166666666666
9	question	blue circle	square	English	2	Female	29		Confused	3	Mac	800	1280	Safari	338GLSUI43BTLUUMIJ31OQMPOEMSFL	3YT1BAKETIP0CPEJFKSOHLMKK6ZHP4	Questions and Answers	Participate in a 1-2 minute &quotecharguessing game&quotechar study about how people ask and answer questions! 	language research stanford fun cognitive science university	$0.25	Wed Mar 04 20:21:03 PST 2015	50	0	0	50	Reviewable	NotReviewed	1 cond	1800	60000	Fri Apr 03 21:21:03 PDT 2015	https://requester.mturk.com/mturk/manageHIT?HITId=338GLSUI43BTLUUMIJ31OQMPOEMSFL	3AQF3RZ558IRKGUJ1850C4LGLEDF68	9	Approved	Thu Mar 05 13:07:13 PST 2015	Wed Mar 04 20:25:55 PST 2015	Wed Mar 04 20:27:13 PST 2015	Wed Mar 04 22:38:23 PST 2015					[]	{}	1.2518666666666667
9	question	red circle	redCircle	English	2	Female	29		Confused	3	Mac	800	1280	Safari	338GLSUI43BTLUUMIJ31OQMPOEMSFL	3YT1BAKETIP0CPEJFKSOHLMKK6ZHP4	Questions and Answers	Participate in a 1-2 minute &quotecharguessing game&quotechar study about how people ask and answer questions! 	language research stanford fun cognitive science university	$0.25	Wed Mar 04 20:21:03 PST 2015	50	0	0	50	Reviewable	NotReviewed	1 cond	1800	60000	Fri Apr 03 21:21:03 PDT 2015	https://requester.mturk.com/mturk/manageHIT?HITId=338GLSUI43BTLUUMIJ31OQMPOEMSFL	3AQF3RZ558IRKGUJ1850C4LGLEDF68	9	Approved	Thu Mar 05 13:07:13 PST 2015	Wed Mar 04 20:25:55 PST 2015	Wed Mar 04 20:27:13 PST 2015	Wed Mar 04 22:38:23 PST 2015					[]	{}	1.2518666666666667
10	question	red circle	redCircle	english	1	Male	35	i thought i read it write and knew what i was doing..was i suppose to actually pick?	Yes	1	Linux	768	1366	Chrome	338GLSUI43BTLUUMIJ31OQMPOEMSFL	3YT1BAKETIP0CPEJFKSOHLMKK6ZHP4	Questions and Answers	Participate in a 1-2 minute &quotecharguessing game&quotechar study about how people ask and answer questions! 	language research stanford fun cognitive science university	$0.25	Wed Mar 04 20:21:03 PST 2015	50	0	0	50	Reviewable	NotReviewed	1 cond	1800	60000	Fri Apr 03 21:21:03 PDT 2015	https://requester.mturk.com/mturk/manageHIT?HITId=338GLSUI43BTLUUMIJ31OQMPOEMSFL	31T4R4OBOSG3L4OETGKRAC09JC57CO	10	Approved	Thu Mar 05 13:07:35 PST 2015	Wed Mar 04 20:25:11 PST 2015	Wed Mar 04 20:27:35 PST 2015	Wed Mar 04 22:38:24 PST 2015					[]	{}	2.29185
10	question	blue circle	redCircle	english	1	Male	35	i thought i read it write and knew what i was doing..was i suppose to actually pick?	Yes	1	Linux	768	1366	Chrome	338GLSUI43BTLUUMIJ31OQMPOEMSFL	3YT1BAKETIP0CPEJFKSOHLMKK6ZHP4	Questions and Answers	Participate in a 1-2 minute &quotecharguessing game&quotechar study about how people ask and answer questions! 	language research stanford fun cognitive science university	$0.25	Wed Mar 04 20:21:03 PST 2015	50	0	0	50	Reviewable	NotReviewed	1 cond	1800	60000	Fri Apr 03 21:21:03 PDT 2015	https://requester.mturk.com/mturk/manageHIT?HITId=338GLSUI43BTLUUMIJ31OQMPOEMSFL	31T4R4OBOSG3L4OETGKRAC09JC57CO	10	Approved	Thu Mar 05 13:07:35 PST 2015	Wed Mar 04 20:25:11 PST 2015	Wed Mar 04 20:27:35 PST 2015	Wed Mar 04 22:38:24 PST 2015					[]	{}	2.29185
11	question	blue circle	redCircle	English	1	Female	56	Made me think. Thanks!	Yes	1	Windows	768	1366	Chrome	338GLSUI43BTLUUMIJ31OQMPOEMSFL	3YT1BAKETIP0CPEJFKSOHLMKK6ZHP4	Questions and Answers	Participate in a 1-2 minute &quotecharguessing game&quotechar study about how people ask and answer questions! 	language research stanford fun cognitive science university	$0.25	Wed Mar 04 20:21:03 PST 2015	50	0	0	50	Reviewable	NotReviewed	1 cond	1800	60000	Fri Apr 03 21:21:03 PDT 2015	https://requester.mturk.com/mturk/manageHIT?HITId=338GLSUI43BTLUUMIJ31OQMPOEMSFL	39GAF6DQWR0L9RFCVHYNZUXL1XLV1E	11	Approved	Thu Mar 05 13:07:37 PST 2015	Wed Mar 04 20:23:50 PST 2015	Wed Mar 04 20:27:37 PST 2015	Wed Mar 04 22:38:24 PST 2015					[]	{}	3.6133
11	question	red circle	redCircle	English	1	Female	56	Made me think. Thanks!	Yes	1	Windows	768	1366	Chrome	338GLSUI43BTLUUMIJ31OQMPOEMSFL	3YT1BAKETIP0CPEJFKSOHLMKK6ZHP4	Questions and Answers	Participate in a 1-2 minute &quotecharguessing game&quotechar study about how people ask and answer questions! 	language research stanford fun cognitive science university	$0.25	Wed Mar 04 20:21:03 PST 2015	50	0	0	50	Reviewable	NotReviewed	1 cond	1800	60000	Fri Apr 03 21:21:03 PDT 2015	https://requester.mturk.com/mturk/manageHIT?HITId=338GLSUI43BTLUUMIJ31OQMPOEMSFL	39GAF6DQWR0L9RFCVHYNZUXL1XLV1E	11	Approved	Thu Mar 05 13:07:37 PST 2015	Wed Mar 04 20:23:50 PST 2015	Wed Mar 04 20:27:37 PST 2015	Wed Mar 04 22:38:24 PST 2015					[]	{}	3.6133
12	question	red circle	redCircle	English	2	Male	24		Yes	2	Linux	768	1024	Chrome	338GLSUI43BTLUUMIJ31OQMPOEMSFL	3YT1BAKETIP0CPEJFKSOHLMKK6ZHP4	Questions and Answers	Participate in a 1-2 minute &quotecharguessing game&quotechar study about how people ask and answer questions! 	language research stanford fun cognitive science university	$0.25	Wed Mar 04 20:21:03 PST 2015	50	0	0	50	Reviewable	NotReviewed	1 cond	1800	60000	Fri Apr 03 21:21:03 PDT 2015	https://requester.mturk.com/mturk/manageHIT?HITId=338GLSUI43BTLUUMIJ31OQMPOEMSFL	3PB5A5BD0V6G2G4JV2GA03LOH4X7GY	12	Approved	Thu Mar 05 13:08:43 PST 2015	Wed Mar 04 20:26:59 PST 2015	Wed Mar 04 20:28:43 PST 2015	Wed Mar 04 22:38:24 PST 2015					[]	{}	1.69
12	question	blue circle	redCircle	English	2	Male	24		Yes	2	Linux	768	1024	Chrome	338GLSUI43BTLUUMIJ31OQMPOEMSFL	3YT1BAKETIP0CPEJFKSOHLMKK6ZHP4	Questions and Answers	Participate in a 1-2 minute &quotecharguessing game&quotechar study about how people ask and answer questions! 	language research stanford fun cognitive science university	$0.25	Wed Mar 04 20:21:03 PST 2015	50	0	0	50	Reviewable	NotReviewed	1 cond	1800	60000	Fri Apr 03 21:21:03 PDT 2015	https://requester.mturk.com/mturk/manageHIT?HITId=338GLSUI43BTLUUMIJ31OQMPOEMSFL	3PB5A5BD0V6G2G4JV2GA03LOH4X7GY	12	Approved	Thu Mar 05 13:08:43 PST 2015	Wed Mar 04 20:26:59 PST 2015	Wed Mar 04 20:28:43 PST 2015	Wed Mar 04 22:38:24 PST 2015					[]	{}	1.69
13	question	blue circle	square	English	2	Female	26	Very interesting and different	Yes	2	Windows	960	1708	Firefox	338GLSUI43BTLUUMIJ31OQMPOEMSFL	3YT1BAKETIP0CPEJFKSOHLMKK6ZHP4	Questions and Answers	Participate in a 1-2 minute &quotecharguessing game&quotechar study about how people ask and answer questions! 	language research stanford fun cognitive science university	$0.25	Wed Mar 04 20:21:03 PST 2015	50	0	0	50	Reviewable	NotReviewed	1 cond	1800	60000	Fri Apr 03 21:21:03 PDT 2015	https://requester.mturk.com/mturk/manageHIT?HITId=338GLSUI43BTLUUMIJ31OQMPOEMSFL	304SM51WA346UXG03JM7UJQNO5ISBP	13	Approved	Thu Mar 05 13:08:52 PST 2015	Wed Mar 04 20:23:43 PST 2015	Wed Mar 04 20:28:52 PST 2015	Wed Mar 04 22:38:24 PST 2015					[]	{}	5.112683333333333
13	question	red circle	square	English	2	Female	26	Very interesting and different	Yes	2	Windows	960	1708	Firefox	338GLSUI43BTLUUMIJ31OQMPOEMSFL	3YT1BAKETIP0CPEJFKSOHLMKK6ZHP4	Questions and Answers	Participate in a 1-2 minute &quotecharguessing game&quotechar study about how people ask and answer questions! 	language research stanford fun cognitive science university	$0.25	Wed Mar 04 20:21:03 PST 2015	50	0	0	50	Reviewable	NotReviewed	1 cond	1800	60000	Fri Apr 03 21:21:03 PDT 2015	https://requester.mturk.com/mturk/manageHIT?HITId=338GLSUI43BTLUUMIJ31OQMPOEMSFL	304SM51WA346UXG03JM7UJQNO5ISBP	13	Approved	Thu Mar 05 13:08:52 PST 2015	Wed Mar 04 20:23:43 PST 2015	Wed Mar 04 20:28:52 PST 2015	Wed Mar 04 22:38:24 PST 2015					[]	{}	5.112683333333333
14	question	blue circle	square	English	1	Male	19		Yes	2	Windows	1080	1920	Chrome	338GLSUI43BTLUUMIJ31OQMPOEMSFL	3YT1BAKETIP0CPEJFKSOHLMKK6ZHP4	Questions and Answers	Participate in a 1-2 minute &quotecharguessing game&quotechar study about how people ask and answer questions! 	language research stanford fun cognitive science university	$0.25	Wed Mar 04 20:21:03 PST 2015	50	0	0	50	Reviewable	NotReviewed	1 cond	1800	60000	Fri Apr 03 21:21:03 PDT 2015	https://requester.mturk.com/mturk/manageHIT?HITId=338GLSUI43BTLUUMIJ31OQMPOEMSFL	3ZAZR5XV01IM5EUKCBCA1WT8T5ICZL	14	Approved	Thu Mar 05 13:09:57 PST 2015	Wed Mar 04 20:28:50 PST 2015	Wed Mar 04 20:29:57 PST 2015	Wed Mar 04 22:38:24 PST 2015					[]	{}	1.0460166666666666
14	question	red circle	redCircle	English	1	Male	19		Yes	2	Windows	1080	1920	Chrome	338GLSUI43BTLUUMIJ31OQMPOEMSFL	3YT1BAKETIP0CPEJFKSOHLMKK6ZHP4	Questions and Answers	Participate in a 1-2 minute &quotecharguessing game&quotechar study about how people ask and answer questions! 	language research stanford fun cognitive science university	$0.25	Wed Mar 04 20:21:03 PST 2015	50	0	0	50	Reviewable	NotReviewed	1 cond	1800	60000	Fri Apr 03 21:21:03 PDT 2015	https://requester.mturk.com/mturk/manageHIT?HITId=338GLSUI43BTLUUMIJ31OQMPOEMSFL	3ZAZR5XV01IM5EUKCBCA1WT8T5ICZL	14	Approved	Thu Mar 05 13:09:57 PST 2015	Wed Mar 04 20:28:50 PST 2015	Wed Mar 04 20:29:57 PST 2015	Wed Mar 04 22:38:24 PST 2015					[]	{}	1.0460166666666666
15	question	blue circle	square	English	1	Male	25	It was fun	Yes	3	Windows	768	1366	Chrome	338GLSUI43BTLUUMIJ31OQMPOEMSFL	3YT1BAKETIP0CPEJFKSOHLMKK6ZHP4	Questions and Answers	Participate in a 1-2 minute &quotecharguessing game&quotechar study about how people ask and answer questions! 	language research stanford fun cognitive science university	$0.25	Wed Mar 04 20:21:03 PST 2015	50	0	0	50	Reviewable	NotReviewed	1 cond	1800	60000	Fri Apr 03 21:21:03 PDT 2015	https://requester.mturk.com/mturk/manageHIT?HITId=338GLSUI43BTLUUMIJ31OQMPOEMSFL	3JBT3HLQF825Z33OHGYGLWSFSOXPZC	15	Approved	Thu Mar 05 13:10:19 PST 2015	Wed Mar 04 20:27:55 PST 2015	Wed Mar 04 20:30:19 PST 2015	Wed Mar 04 22:38:24 PST 2015					[]	{}	2.360333333333333
15	question	red circle	redCircle	English	1	Male	25	It was fun	Yes	3	Windows	768	1366	Chrome	338GLSUI43BTLUUMIJ31OQMPOEMSFL	3YT1BAKETIP0CPEJFKSOHLMKK6ZHP4	Questions and Answers	Participate in a 1-2 minute &quotecharguessing game&quotechar study about how people ask and answer questions! 	language research stanford fun cognitive science university	$0.25	Wed Mar 04 20:21:03 PST 2015	50	0	0	50	Reviewable	NotReviewed	1 cond	1800	60000	Fri Apr 03 21:21:03 PDT 2015	https://requester.mturk.com/mturk/manageHIT?HITId=338GLSUI43BTLUUMIJ31OQMPOEMSFL	3JBT3HLQF825Z33OHGYGLWSFSOXPZC	15	Approved	Thu Mar 05 13:10:19 PST 2015	Wed Mar 04 20:27:55 PST 2015	Wed Mar 04 20:30:19 PST 2015	Wed Mar 04 22:38:24 PST 2015					[]	{}	2.360333333333333
16	question	red circle	redCircle	English	1	Female	20	I was very confused by what I was supposed to be doing even though I carefully read the directions. I wanted to do this HIT correctly but the unclear directions made it harder than I thought.	Confused	2	Mac	800	1280	Chrome	338GLSUI43BTLUUMIJ31OQMPOEMSFL	3YT1BAKETIP0CPEJFKSOHLMKK6ZHP4	Questions and Answers	Participate in a 1-2 minute &quotecharguessing game&quotechar study about how people ask and answer questions! 	language research stanford fun cognitive science university	$0.25	Wed Mar 04 20:21:03 PST 2015	50	0	0	50	Reviewable	NotReviewed	1 cond	1800	60000	Fri Apr 03 21:21:03 PDT 2015	https://requester.mturk.com/mturk/manageHIT?HITId=338GLSUI43BTLUUMIJ31OQMPOEMSFL	3RKNTXVS3MYI929X74QT15QBS7UA45	16	Approved	Thu Mar 05 13:10:19 PST 2015	Wed Mar 04 20:26:31 PST 2015	Wed Mar 04 20:30:19 PST 2015	Wed Mar 04 22:38:24 PST 2015					[]	{}	3.755516666666667
16	question	blue circle	square	English	1	Female	20	I was very confused by what I was supposed to be doing even though I carefully read the directions. I wanted to do this HIT correctly but the unclear directions made it harder than I thought.	Confused	2	Mac	800	1280	Chrome	338GLSUI43BTLUUMIJ31OQMPOEMSFL	3YT1BAKETIP0CPEJFKSOHLMKK6ZHP4	Questions and Answers	Participate in a 1-2 minute &quotecharguessing game&quotechar study about how people ask and answer questions! 	language research stanford fun cognitive science university	$0.25	Wed Mar 04 20:21:03 PST 2015	50	0	0	50	Reviewable	NotReviewed	1 cond	1800	60000	Fri Apr 03 21:21:03 PDT 2015	https://requester.mturk.com/mturk/manageHIT?HITId=338GLSUI43BTLUUMIJ31OQMPOEMSFL	3RKNTXVS3MYI929X74QT15QBS7UA45	16	Approved	Thu Mar 05 13:10:19 PST 2015	Wed Mar 04 20:26:31 PST 2015	Wed Mar 04 20:30:19 PST 2015	Wed Mar 04 22:38:24 PST 2015					[]	{}	3.755516666666667
17	question	blue circle	redCircle	english	1	Male	49	thanks	Yes	4	Windows	768	1366	Chrome	338GLSUI43BTLUUMIJ31OQMPOEMSFL	3YT1BAKETIP0CPEJFKSOHLMKK6ZHP4	Questions and Answers	Participate in a 1-2 minute &quotecharguessing game&quotechar study about how people ask and answer questions! 	language research stanford fun cognitive science university	$0.25	Wed Mar 04 20:21:03 PST 2015	50	0	0	50	Reviewable	NotReviewed	1 cond	1800	60000	Fri Apr 03 21:21:03 PDT 2015	https://requester.mturk.com/mturk/manageHIT?HITId=338GLSUI43BTLUUMIJ31OQMPOEMSFL	3MYYFCXHJ37JJTM0T4I3XR1EQ274GB	17	Approved	Thu Mar 05 13:10:28 PST 2015	Wed Mar 04 20:27:25 PST 2015	Wed Mar 04 20:30:28 PST 2015	Wed Mar 04 22:38:25 PST 2015					[]	{}	3.00255
17	question	red circle	redCircle	english	1	Male	49	thanks	Yes	4	Windows	768	1366	Chrome	338GLSUI43BTLUUMIJ31OQMPOEMSFL	3YT1BAKETIP0CPEJFKSOHLMKK6ZHP4	Questions and Answers	Participate in a 1-2 minute &quotecharguessing game&quotechar study about how people ask and answer questions! 	language research stanford fun cognitive science university	$0.25	Wed Mar 04 20:21:03 PST 2015	50	0	0	50	Reviewable	NotReviewed	1 cond	1800	60000	Fri Apr 03 21:21:03 PDT 2015	https://requester.mturk.com/mturk/manageHIT?HITId=338GLSUI43BTLUUMIJ31OQMPOEMSFL	3MYYFCXHJ37JJTM0T4I3XR1EQ274GB	17	Approved	Thu Mar 05 13:10:28 PST 2015	Wed Mar 04 20:27:25 PST 2015	Wed Mar 04 20:30:28 PST 2015	Wed Mar 04 22:38:25 PST 2015					[]	{}	3.00255
18	question	blue circle	redCircle	English	0	Male	31	The interface of the experiment was a little confusing. 	Confused	1	Linux	768	1366	Chrome	338GLSUI43BTLUUMIJ31OQMPOEMSFL	3YT1BAKETIP0CPEJFKSOHLMKK6ZHP4	Questions and Answers	Participate in a 1-2 minute &quotecharguessing game&quotechar study about how people ask and answer questions! 	language research stanford fun cognitive science university	$0.25	Wed Mar 04 20:21:03 PST 2015	50	0	0	50	Reviewable	NotReviewed	1 cond	1800	60000	Fri Apr 03 21:21:03 PDT 2015	https://requester.mturk.com/mturk/manageHIT?HITId=338GLSUI43BTLUUMIJ31OQMPOEMSFL	3LOTDFNYA7ZPEV9PSQI4AYKT9G5WFP	18	Approved	Thu Mar 05 13:10:39 PST 2015	Wed Mar 04 20:29:12 PST 2015	Wed Mar 04 20:30:39 PST 2015	Wed Mar 04 22:38:25 PST 2015					[]	{}	1.39765
18	question	red circle	redCircle	English	0	Male	31	The interface of the experiment was a little confusing. 	Confused	1	Linux	768	1366	Chrome	338GLSUI43BTLUUMIJ31OQMPOEMSFL	3YT1BAKETIP0CPEJFKSOHLMKK6ZHP4	Questions and Answers	Participate in a 1-2 minute &quotecharguessing game&quotechar study about how people ask and answer questions! 	language research stanford fun cognitive science university	$0.25	Wed Mar 04 20:21:03 PST 2015	50	0	0	50	Reviewable	NotReviewed	1 cond	1800	60000	Fri Apr 03 21:21:03 PDT 2015	https://requester.mturk.com/mturk/manageHIT?HITId=338GLSUI43BTLUUMIJ31OQMPOEMSFL	3LOTDFNYA7ZPEV9PSQI4AYKT9G5WFP	18	Approved	Thu Mar 05 13:10:39 PST 2015	Wed Mar 04 20:29:12 PST 2015	Wed Mar 04 20:30:39 PST 2015	Wed Mar 04 22:38:25 PST 2015					[]	{}	1.39765
19	question	red circle	redCircle	English	2	Male	31	Oops, I was hoping there would be more!  I may have messed up on the first one--I can&quotechart remember what the icons were	Yes	3	Mac	900	1440	Chrome	338GLSUI43BTLUUMIJ31OQMPOEMSFL	3YT1BAKETIP0CPEJFKSOHLMKK6ZHP4	Questions and Answers	Participate in a 1-2 minute &quotecharguessing game&quotechar study about how people ask and answer questions! 	language research stanford fun cognitive science university	$0.25	Wed Mar 04 20:21:03 PST 2015	50	0	0	50	Reviewable	NotReviewed	1 cond	1800	60000	Fri Apr 03 21:21:03 PDT 2015	https://requester.mturk.com/mturk/manageHIT?HITId=338GLSUI43BTLUUMIJ31OQMPOEMSFL	3ZDAD0O1T1DEM0WGXFJFTLD19RJTXN	19	Approved	Thu Mar 05 13:11:16 PST 2015	Wed Mar 04 20:28:39 PST 2015	Wed Mar 04 20:31:16 PST 2015	Wed Mar 04 22:38:25 PST 2015					[]	{}	2.58175
19	question	blue circle	redCircle	English	2	Male	31	Oops, I was hoping there would be more!  I may have messed up on the first one--I can&quotechart remember what the icons were	Yes	3	Mac	900	1440	Chrome	338GLSUI43BTLUUMIJ31OQMPOEMSFL	3YT1BAKETIP0CPEJFKSOHLMKK6ZHP4	Questions and Answers	Participate in a 1-2 minute &quotecharguessing game&quotechar study about how people ask and answer questions! 	language research stanford fun cognitive science university	$0.25	Wed Mar 04 20:21:03 PST 2015	50	0	0	50	Reviewable	NotReviewed	1 cond	1800	60000	Fri Apr 03 21:21:03 PDT 2015	https://requester.mturk.com/mturk/manageHIT?HITId=338GLSUI43BTLUUMIJ31OQMPOEMSFL	3ZDAD0O1T1DEM0WGXFJFTLD19RJTXN	19	Approved	Thu Mar 05 13:11:16 PST 2015	Wed Mar 04 20:28:39 PST 2015	Wed Mar 04 20:31:16 PST 2015	Wed Mar 04 22:38:25 PST 2015					[]	{}	2.58175
20	question	blue circle	square	English	1	Male	56		Yes	1	Windows	1143	1429	Firefox	338GLSUI43BTLUUMIJ31OQMPOEMSFL	3YT1BAKETIP0CPEJFKSOHLMKK6ZHP4	Questions and Answers	Participate in a 1-2 minute &quotecharguessing game&quotechar study about how people ask and answer questions! 	language research stanford fun cognitive science university	$0.25	Wed Mar 04 20:21:03 PST 2015	50	0	0	50	Reviewable	NotReviewed	1 cond	1800	60000	Fri Apr 03 21:21:03 PDT 2015	https://requester.mturk.com/mturk/manageHIT?HITId=338GLSUI43BTLUUMIJ31OQMPOEMSFL	35K3O9HUABDVXVNY7QOYOSDT2C1FET	20	Approved	Thu Mar 05 13:11:35 PST 2015	Wed Mar 04 20:28:23 PST 2015	Wed Mar 04 20:31:35 PST 2015	Wed Mar 04 22:38:10 PST 2015					[]	{}	3.1585833333333335
20	question	red circle	redCircle	English	1	Male	56		Yes	1	Windows	1143	1429	Firefox	338GLSUI43BTLUUMIJ31OQMPOEMSFL	3YT1BAKETIP0CPEJFKSOHLMKK6ZHP4	Questions and Answers	Participate in a 1-2 minute &quotecharguessing game&quotechar study about how people ask and answer questions! 	language research stanford fun cognitive science university	$0.25	Wed Mar 04 20:21:03 PST 2015	50	0	0	50	Reviewable	NotReviewed	1 cond	1800	60000	Fri Apr 03 21:21:03 PDT 2015	https://requester.mturk.com/mturk/manageHIT?HITId=338GLSUI43BTLUUMIJ31OQMPOEMSFL	35K3O9HUABDVXVNY7QOYOSDT2C1FET	20	Approved	Thu Mar 05 13:11:35 PST 2015	Wed Mar 04 20:28:23 PST 2015	Wed Mar 04 20:31:35 PST 2015	Wed Mar 04 22:38:10 PST 2015					[]	{}	3.1585833333333335
21	question	red circle	redCircle	english	2	Female	41	was fun tyvm	Yes	0	Windows	1005	1608	Firefox	338GLSUI43BTLUUMIJ31OQMPOEMSFL	3YT1BAKETIP0CPEJFKSOHLMKK6ZHP4	Questions and Answers	Participate in a 1-2 minute &quotecharguessing game&quotechar study about how people ask and answer questions! 	language research stanford fun cognitive science university	$0.25	Wed Mar 04 20:21:03 PST 2015	50	0	0	50	Reviewable	NotReviewed	1 cond	1800	60000	Fri Apr 03 21:21:03 PDT 2015	https://requester.mturk.com/mturk/manageHIT?HITId=338GLSUI43BTLUUMIJ31OQMPOEMSFL	3D8YOU6S9EKG3YR9WX0ZY4MJV1RU6L	21	Approved	Thu Mar 05 13:11:48 PST 2015	Wed Mar 04 20:30:11 PST 2015	Wed Mar 04 20:31:48 PST 2015	Wed Mar 04 22:38:11 PST 2015					[]	{}	1.4743
21	question	blue circle	redCircle	english	2	Female	41	was fun tyvm	Yes	0	Windows	1005	1608	Firefox	338GLSUI43BTLUUMIJ31OQMPOEMSFL	3YT1BAKETIP0CPEJFKSOHLMKK6ZHP4	Questions and Answers	Participate in a 1-2 minute &quotecharguessing game&quotechar study about how people ask and answer questions! 	language research stanford fun cognitive science university	$0.25	Wed Mar 04 20:21:03 PST 2015	50	0	0	50	Reviewable	NotReviewed	1 cond	1800	60000	Fri Apr 03 21:21:03 PDT 2015	https://requester.mturk.com/mturk/manageHIT?HITId=338GLSUI43BTLUUMIJ31OQMPOEMSFL	3D8YOU6S9EKG3YR9WX0ZY4MJV1RU6L	21	Approved	Thu Mar 05 13:11:48 PST 2015	Wed Mar 04 20:30:11 PST 2015	Wed Mar 04 20:31:48 PST 2015	Wed Mar 04 22:38:11 PST 2015					[]	{}	1.4743
22	question	blue circle	redCircle	english	1	Male	30	I followed the instructions but I was a little confused on the questions part.	Confused	3	Windows	768	1366	Chrome	338GLSUI43BTLUUMIJ31OQMPOEMSFL	3YT1BAKETIP0CPEJFKSOHLMKK6ZHP4	Questions and Answers	Participate in a 1-2 minute &quotecharguessing game&quotechar study about how people ask and answer questions! 	language research stanford fun cognitive science university	$0.25	Wed Mar 04 20:21:03 PST 2015	50	0	0	50	Reviewable	NotReviewed	1 cond	1800	60000	Fri Apr 03 21:21:03 PDT 2015	https://requester.mturk.com/mturk/manageHIT?HITId=338GLSUI43BTLUUMIJ31OQMPOEMSFL	3VSOLARPKB9JMNGOFK7AV5NL8PH39Z	22	Approved	Thu Mar 05 13:11:56 PST 2015	Wed Mar 04 20:29:49 PST 2015	Wed Mar 04 20:31:56 PST 2015	Wed Mar 04 22:38:11 PST 2015					[]	{}	2.0830333333333333
22	question	red circle	redCircle	english	1	Male	30	I followed the instructions but I was a little confused on the questions part.	Confused	3	Windows	768	1366	Chrome	338GLSUI43BTLUUMIJ31OQMPOEMSFL	3YT1BAKETIP0CPEJFKSOHLMKK6ZHP4	Questions and Answers	Participate in a 1-2 minute &quotecharguessing game&quotechar study about how people ask and answer questions! 	language research stanford fun cognitive science university	$0.25	Wed Mar 04 20:21:03 PST 2015	50	0	0	50	Reviewable	NotReviewed	1 cond	1800	60000	Fri Apr 03 21:21:03 PDT 2015	https://requester.mturk.com/mturk/manageHIT?HITId=338GLSUI43BTLUUMIJ31OQMPOEMSFL	3VSOLARPKB9JMNGOFK7AV5NL8PH39Z	22	Approved	Thu Mar 05 13:11:56 PST 2015	Wed Mar 04 20:29:49 PST 2015	Wed Mar 04 20:31:56 PST 2015	Wed Mar 04 22:38:11 PST 2015					[]	{}	2.0830333333333333
23	question	blue circle	redCircle	English	2	Male	21	N/A	Yes	2	Windows	900	1440	Chrome	338GLSUI43BTLUUMIJ31OQMPOEMSFL	3YT1BAKETIP0CPEJFKSOHLMKK6ZHP4	Questions and Answers	Participate in a 1-2 minute &quotecharguessing game&quotechar study about how people ask and answer questions! 	language research stanford fun cognitive science university	$0.25	Wed Mar 04 20:21:03 PST 2015	50	0	0	50	Reviewable	NotReviewed	1 cond	1800	60000	Fri Apr 03 21:21:03 PDT 2015	https://requester.mturk.com/mturk/manageHIT?HITId=338GLSUI43BTLUUMIJ31OQMPOEMSFL	39LNWE0K4UWWWIMAYY9OV7CO4SMUIF	23	Approved	Thu Mar 05 13:14:03 PST 2015	Wed Mar 04 20:32:08 PST 2015	Wed Mar 04 20:34:03 PST 2015	Wed Mar 04 22:38:11 PST 2015					[]	{}	1.8803
23	question	red circle	redCircle	English	2	Male	21	N/A	Yes	2	Windows	900	1440	Chrome	338GLSUI43BTLUUMIJ31OQMPOEMSFL	3YT1BAKETIP0CPEJFKSOHLMKK6ZHP4	Questions and Answers	Participate in a 1-2 minute &quotecharguessing game&quotechar study about how people ask and answer questions! 	language research stanford fun cognitive science university	$0.25	Wed Mar 04 20:21:03 PST 2015	50	0	0	50	Reviewable	NotReviewed	1 cond	1800	60000	Fri Apr 03 21:21:03 PDT 2015	https://requester.mturk.com/mturk/manageHIT?HITId=338GLSUI43BTLUUMIJ31OQMPOEMSFL	39LNWE0K4UWWWIMAYY9OV7CO4SMUIF	23	Approved	Thu Mar 05 13:14:03 PST 2015	Wed Mar 04 20:32:08 PST 2015	Wed Mar 04 20:34:03 PST 2015	Wed Mar 04 22:38:11 PST 2015					[]	{}	1.8803
24	question	red circle	redCircle	English	1	Female	28		Yes	3	Windows	768	1366	Chrome	338GLSUI43BTLUUMIJ31OQMPOEMSFL	3YT1BAKETIP0CPEJFKSOHLMKK6ZHP4	Questions and Answers	Participate in a 1-2 minute &quotecharguessing game&quotechar study about how people ask and answer questions! 	language research stanford fun cognitive science university	$0.25	Wed Mar 04 20:21:03 PST 2015	50	0	0	50	Reviewable	NotReviewed	1 cond	1800	60000	Fri Apr 03 21:21:03 PDT 2015	https://requester.mturk.com/mturk/manageHIT?HITId=338GLSUI43BTLUUMIJ31OQMPOEMSFL	3TOK3KHVJTI4UTLHJLTI5CUQ8QOO72	24	Approved	Thu Mar 05 13:14:59 PST 2015	Wed Mar 04 20:33:09 PST 2015	Wed Mar 04 20:34:59 PST 2015	Wed Mar 04 22:38:11 PST 2015					[]	{}	1.7866833333333334
24	question	blue circle	square	English	1	Female	28		Yes	3	Windows	768	1366	Chrome	338GLSUI43BTLUUMIJ31OQMPOEMSFL	3YT1BAKETIP0CPEJFKSOHLMKK6ZHP4	Questions and Answers	Participate in a 1-2 minute &quotecharguessing game&quotechar study about how people ask and answer questions! 	language research stanford fun cognitive science university	$0.25	Wed Mar 04 20:21:03 PST 2015	50	0	0	50	Reviewable	NotReviewed	1 cond	1800	60000	Fri Apr 03 21:21:03 PDT 2015	https://requester.mturk.com/mturk/manageHIT?HITId=338GLSUI43BTLUUMIJ31OQMPOEMSFL	3TOK3KHVJTI4UTLHJLTI5CUQ8QOO72	24	Approved	Thu Mar 05 13:14:59 PST 2015	Wed Mar 04 20:33:09 PST 2015	Wed Mar 04 20:34:59 PST 2015	Wed Mar 04 22:38:11 PST 2015					[]	{}	1.7866833333333334
25	question	red circle	redCircle	english	1	Male	23		Confused	2	Windows	900	1440	Chrome	338GLSUI43BTLUUMIJ31OQMPOEMSFL	3YT1BAKETIP0CPEJFKSOHLMKK6ZHP4	Questions and Answers	Participate in a 1-2 minute &quotecharguessing game&quotechar study about how people ask and answer questions! 	language research stanford fun cognitive science university	$0.25	Wed Mar 04 20:21:03 PST 2015	50	0	0	50	Reviewable	NotReviewed	1 cond	1800	60000	Fri Apr 03 21:21:03 PDT 2015	https://requester.mturk.com/mturk/manageHIT?HITId=338GLSUI43BTLUUMIJ31OQMPOEMSFL	3Q5ZZ9ZEVOFMMXKIOBPPA6QU2FP854	25	Approved	Thu Mar 05 13:15:03 PST 2015	Wed Mar 04 20:33:59 PST 2015	Wed Mar 04 20:35:03 PST 2015	Wed Mar 04 22:38:12 PST 2015					[]	{}	1.0235833333333333
25	question	blue circle	redCircle	english	1	Male	23		Confused	2	Windows	900	1440	Chrome	338GLSUI43BTLUUMIJ31OQMPOEMSFL	3YT1BAKETIP0CPEJFKSOHLMKK6ZHP4	Questions and Answers	Participate in a 1-2 minute &quotecharguessing game&quotechar study about how people ask and answer questions! 	language research stanford fun cognitive science university	$0.25	Wed Mar 04 20:21:03 PST 2015	50	0	0	50	Reviewable	NotReviewed	1 cond	1800	60000	Fri Apr 03 21:21:03 PDT 2015	https://requester.mturk.com/mturk/manageHIT?HITId=338GLSUI43BTLUUMIJ31OQMPOEMSFL	3Q5ZZ9ZEVOFMMXKIOBPPA6QU2FP854	25	Approved	Thu Mar 05 13:15:03 PST 2015	Wed Mar 04 20:33:59 PST 2015	Wed Mar 04 20:35:03 PST 2015	Wed Mar 04 22:38:12 PST 2015					[]	{}	1.0235833333333333
26	question	blue circle	redCircle	English	1	Female	45	I read everything twice. Not sure what I was missing. Sorry if I did it wrong. If I am rejected I will fully understand. (I think)	Confused	2	Windows	720	1280	Firefox	338GLSUI43BTLUUMIJ31OQMPOEMSFL	3YT1BAKETIP0CPEJFKSOHLMKK6ZHP4	Questions and Answers	Participate in a 1-2 minute &quotecharguessing game&quotechar study about how people ask and answer questions! 	language research stanford fun cognitive science university	$0.25	Wed Mar 04 20:21:03 PST 2015	50	0	0	50	Reviewable	NotReviewed	1 cond	1800	60000	Fri Apr 03 21:21:03 PDT 2015	https://requester.mturk.com/mturk/manageHIT?HITId=338GLSUI43BTLUUMIJ31OQMPOEMSFL	3WYGZ5XF3WF7N0KU9WZ0TM9DBZRKS1	26	Approved	Thu Mar 05 13:15:11 PST 2015	Wed Mar 04 20:30:28 PST 2015	Wed Mar 04 20:35:11 PST 2015	Wed Mar 04 22:38:12 PST 2015					[]	{}	4.6598
26	question	red circle	redCircle	English	1	Female	45	I read everything twice. Not sure what I was missing. Sorry if I did it wrong. If I am rejected I will fully understand. (I think)	Confused	2	Windows	720	1280	Firefox	338GLSUI43BTLUUMIJ31OQMPOEMSFL	3YT1BAKETIP0CPEJFKSOHLMKK6ZHP4	Questions and Answers	Participate in a 1-2 minute &quotecharguessing game&quotechar study about how people ask and answer questions! 	language research stanford fun cognitive science university	$0.25	Wed Mar 04 20:21:03 PST 2015	50	0	0	50	Reviewable	NotReviewed	1 cond	1800	60000	Fri Apr 03 21:21:03 PDT 2015	https://requester.mturk.com/mturk/manageHIT?HITId=338GLSUI43BTLUUMIJ31OQMPOEMSFL	3WYGZ5XF3WF7N0KU9WZ0TM9DBZRKS1	26	Approved	Thu Mar 05 13:15:11 PST 2015	Wed Mar 04 20:30:28 PST 2015	Wed Mar 04 20:35:11 PST 2015	Wed Mar 04 22:38:12 PST 2015					[]	{}	4.6598
27	question	blue circle	square	English	1	Female	30		Yes	3	Windows	1080	1920	Chrome	338GLSUI43BTLUUMIJ31OQMPOEMSFL	3YT1BAKETIP0CPEJFKSOHLMKK6ZHP4	Questions and Answers	Participate in a 1-2 minute &quotecharguessing game&quotechar study about how people ask and answer questions! 	language research stanford fun cognitive science university	$0.25	Wed Mar 04 20:21:03 PST 2015	50	0	0	50	Reviewable	NotReviewed	1 cond	1800	60000	Fri Apr 03 21:21:03 PDT 2015	https://requester.mturk.com/mturk/manageHIT?HITId=338GLSUI43BTLUUMIJ31OQMPOEMSFL	3RXPCZQMQPB2RUPH6MZ1ZTUBEIXG1A	27	Approved	Thu Mar 05 13:16:45 PST 2015	Wed Mar 04 20:35:08 PST 2015	Wed Mar 04 20:36:45 PST 2015	Wed Mar 04 22:38:12 PST 2015					[]	{}	1.5926166666666666
27	question	red circle	square	English	1	Female	30		Yes	3	Windows	1080	1920	Chrome	338GLSUI43BTLUUMIJ31OQMPOEMSFL	3YT1BAKETIP0CPEJFKSOHLMKK6ZHP4	Questions and Answers	Participate in a 1-2 minute &quotecharguessing game&quotechar study about how people ask and answer questions! 	language research stanford fun cognitive science university	$0.25	Wed Mar 04 20:21:03 PST 2015	50	0	0	50	Reviewable	NotReviewed	1 cond	1800	60000	Fri Apr 03 21:21:03 PDT 2015	https://requester.mturk.com/mturk/manageHIT?HITId=338GLSUI43BTLUUMIJ31OQMPOEMSFL	3RXPCZQMQPB2RUPH6MZ1ZTUBEIXG1A	27	Approved	Thu Mar 05 13:16:45 PST 2015	Wed Mar 04 20:35:08 PST 2015	Wed Mar 04 20:36:45 PST 2015	Wed Mar 04 22:38:12 PST 2015					[]	{}	1.5926166666666666
28	question	blue circle	redCircle	English	2	Female	49		Yes	4	Mac	1080	1920	Chrome	338GLSUI43BTLUUMIJ31OQMPOEMSFL	3YT1BAKETIP0CPEJFKSOHLMKK6ZHP4	Questions and Answers	Participate in a 1-2 minute &quotecharguessing game&quotechar study about how people ask and answer questions! 	language research stanford fun cognitive science university	$0.25	Wed Mar 04 20:21:03 PST 2015	50	0	0	50	Reviewable	NotReviewed	1 cond	1800	60000	Fri Apr 03 21:21:03 PDT 2015	https://requester.mturk.com/mturk/manageHIT?HITId=338GLSUI43BTLUUMIJ31OQMPOEMSFL	3EA3QWIZ4IVHW57LYTJEQBQMLEGTIO	28	Approved	Thu Mar 05 13:17:01 PST 2015	Wed Mar 04 20:35:09 PST 2015	Wed Mar 04 20:37:01 PST 2015	Wed Mar 04 22:38:12 PST 2015					[]	{}	1.8058666666666667
28	question	red circle	redCircle	English	2	Female	49		Yes	4	Mac	1080	1920	Chrome	338GLSUI43BTLUUMIJ31OQMPOEMSFL	3YT1BAKETIP0CPEJFKSOHLMKK6ZHP4	Questions and Answers	Participate in a 1-2 minute &quotecharguessing game&quotechar study about how people ask and answer questions! 	language research stanford fun cognitive science university	$0.25	Wed Mar 04 20:21:03 PST 2015	50	0	0	50	Reviewable	NotReviewed	1 cond	1800	60000	Fri Apr 03 21:21:03 PDT 2015	https://requester.mturk.com/mturk/manageHIT?HITId=338GLSUI43BTLUUMIJ31OQMPOEMSFL	3EA3QWIZ4IVHW57LYTJEQBQMLEGTIO	28	Approved	Thu Mar 05 13:17:01 PST 2015	Wed Mar 04 20:35:09 PST 2015	Wed Mar 04 20:37:01 PST 2015	Wed Mar 04 22:38:12 PST 2015					[]	{}	1.8058666666666667
29	question	blue circle	square		2	Male			Yes	-1	Windows	768	1366	Chrome	338GLSUI43BTLUUMIJ31OQMPOEMSFL	3YT1BAKETIP0CPEJFKSOHLMKK6ZHP4	Questions and Answers	Participate in a 1-2 minute &quotecharguessing game&quotechar study about how people ask and answer questions! 	language research stanford fun cognitive science university	$0.25	Wed Mar 04 20:21:03 PST 2015	50	0	0	50	Reviewable	NotReviewed	1 cond	1800	60000	Fri Apr 03 21:21:03 PDT 2015	https://requester.mturk.com/mturk/manageHIT?HITId=338GLSUI43BTLUUMIJ31OQMPOEMSFL	3PXX5PX6LXY2U1U6MJ0G9JWH2ZBBAC	29	Approved	Thu Mar 05 13:17:24 PST 2015	Wed Mar 04 20:36:32 PST 2015	Wed Mar 04 20:37:24 PST 2015	Wed Mar 04 22:38:12 PST 2015					[]	{}	0.8138166666666666
29	question	red circle	redCircle		2	Male			Yes	-1	Windows	768	1366	Chrome	338GLSUI43BTLUUMIJ31OQMPOEMSFL	3YT1BAKETIP0CPEJFKSOHLMKK6ZHP4	Questions and Answers	Participate in a 1-2 minute &quotecharguessing game&quotechar study about how people ask and answer questions! 	language research stanford fun cognitive science university	$0.25	Wed Mar 04 20:21:03 PST 2015	50	0	0	50	Reviewable	NotReviewed	1 cond	1800	60000	Fri Apr 03 21:21:03 PDT 2015	https://requester.mturk.com/mturk/manageHIT?HITId=338GLSUI43BTLUUMIJ31OQMPOEMSFL	3PXX5PX6LXY2U1U6MJ0G9JWH2ZBBAC	29	Approved	Thu Mar 05 13:17:24 PST 2015	Wed Mar 04 20:36:32 PST 2015	Wed Mar 04 20:37:24 PST 2015	Wed Mar 04 22:38:12 PST 2015					[]	{}	0.8138166666666666
30	question	red circle	redCircle	English	2	Male	22		Yes	2	Windows	900	1600	Chrome	338GLSUI43BTLUUMIJ31OQMPOEMSFL	3YT1BAKETIP0CPEJFKSOHLMKK6ZHP4	Questions and Answers	Participate in a 1-2 minute &quotecharguessing game&quotechar study about how people ask and answer questions! 	language research stanford fun cognitive science university	$0.25	Wed Mar 04 20:21:03 PST 2015	50	0	0	50	Reviewable	NotReviewed	1 cond	1800	60000	Fri Apr 03 21:21:03 PDT 2015	https://requester.mturk.com/mturk/manageHIT?HITId=338GLSUI43BTLUUMIJ31OQMPOEMSFL	3TPZPLC3M0C4EAWVW937HVN0DTZ3PU	30	Approved	Thu Mar 05 13:17:29 PST 2015	Wed Mar 04 20:35:03 PST 2015	Wed Mar 04 20:37:29 PST 2015	Wed Mar 04 22:38:12 PST 2015					[]	{}	2.391183333333333
30	question	blue circle	square	English	2	Male	22		Yes	2	Windows	900	1600	Chrome	338GLSUI43BTLUUMIJ31OQMPOEMSFL	3YT1BAKETIP0CPEJFKSOHLMKK6ZHP4	Questions and Answers	Participate in a 1-2 minute &quotecharguessing game&quotechar study about how people ask and answer questions! 	language research stanford fun cognitive science university	$0.25	Wed Mar 04 20:21:03 PST 2015	50	0	0	50	Reviewable	NotReviewed	1 cond	1800	60000	Fri Apr 03 21:21:03 PDT 2015	https://requester.mturk.com/mturk/manageHIT?HITId=338GLSUI43BTLUUMIJ31OQMPOEMSFL	3TPZPLC3M0C4EAWVW937HVN0DTZ3PU	30	Approved	Thu Mar 05 13:17:29 PST 2015	Wed Mar 04 20:35:03 PST 2015	Wed Mar 04 20:37:29 PST 2015	Wed Mar 04 22:38:12 PST 2015					[]	{}	2.391183333333333
31	question	red circle	redCircle	English	1	Male	35		Yes	3	Windows	1080	1920	Chrome	338GLSUI43BTLUUMIJ31OQMPOEMSFL	3YT1BAKETIP0CPEJFKSOHLMKK6ZHP4	Questions and Answers	Participate in a 1-2 minute &quotecharguessing game&quotechar study about how people ask and answer questions! 	language research stanford fun cognitive science university	$0.25	Wed Mar 04 20:21:03 PST 2015	50	0	0	50	Reviewable	NotReviewed	1 cond	1800	60000	Fri Apr 03 21:21:03 PDT 2015	https://requester.mturk.com/mturk/manageHIT?HITId=338GLSUI43BTLUUMIJ31OQMPOEMSFL	3RSDURM96AM1XM4TCGGMDDK98NRYE9	31	Approved	Thu Mar 05 13:17:47 PST 2015	Wed Mar 04 20:35:19 PST 2015	Wed Mar 04 20:37:47 PST 2015	Wed Mar 04 22:38:12 PST 2015					[]	{}	2.398416666666667
31	question	blue circle	redCircle	English	1	Male	35		Yes	3	Windows	1080	1920	Chrome	338GLSUI43BTLUUMIJ31OQMPOEMSFL	3YT1BAKETIP0CPEJFKSOHLMKK6ZHP4	Questions and Answers	Participate in a 1-2 minute &quotecharguessing game&quotechar study about how people ask and answer questions! 	language research stanford fun cognitive science university	$0.25	Wed Mar 04 20:21:03 PST 2015	50	0	0	50	Reviewable	NotReviewed	1 cond	1800	60000	Fri Apr 03 21:21:03 PDT 2015	https://requester.mturk.com/mturk/manageHIT?HITId=338GLSUI43BTLUUMIJ31OQMPOEMSFL	3RSDURM96AM1XM4TCGGMDDK98NRYE9	31	Approved	Thu Mar 05 13:17:47 PST 2015	Wed Mar 04 20:35:19 PST 2015	Wed Mar 04 20:37:47 PST 2015	Wed Mar 04 22:38:12 PST 2015					[]	{}	2.398416666666667
32	question	blue circle	redCircle	english	2	Female	29	I liked that this was, at least, something different. Hope my participation helps!	Yes	3	Windows	768	1366	Firefox	338GLSUI43BTLUUMIJ31OQMPOEMSFL	3YT1BAKETIP0CPEJFKSOHLMKK6ZHP4	Questions and Answers	Participate in a 1-2 minute &quotecharguessing game&quotechar study about how people ask and answer questions! 	language research stanford fun cognitive science university	$0.25	Wed Mar 04 20:21:03 PST 2015	50	0	0	50	Reviewable	NotReviewed	1 cond	1800	60000	Fri Apr 03 21:21:03 PDT 2015	https://requester.mturk.com/mturk/manageHIT?HITId=338GLSUI43BTLUUMIJ31OQMPOEMSFL	3II4UPYCOJ7NWEZ7PBO8U9ZM929DQS	32	Approved	Thu Mar 05 13:18:19 PST 2015	Wed Mar 04 20:36:00 PST 2015	Wed Mar 04 20:38:19 PST 2015	Wed Mar 04 22:38:13 PST 2015					[]	{}	2.014683333333333
32	question	red circle	redCircle	english	2	Female	29	I liked that this was, at least, something different. Hope my participation helps!	Yes	3	Windows	768	1366	Firefox	338GLSUI43BTLUUMIJ31OQMPOEMSFL	3YT1BAKETIP0CPEJFKSOHLMKK6ZHP4	Questions and Answers	Participate in a 1-2 minute &quotecharguessing game&quotechar study about how people ask and answer questions! 	language research stanford fun cognitive science university	$0.25	Wed Mar 04 20:21:03 PST 2015	50	0	0	50	Reviewable	NotReviewed	1 cond	1800	60000	Fri Apr 03 21:21:03 PDT 2015	https://requester.mturk.com/mturk/manageHIT?HITId=338GLSUI43BTLUUMIJ31OQMPOEMSFL	3II4UPYCOJ7NWEZ7PBO8U9ZM929DQS	32	Approved	Thu Mar 05 13:18:19 PST 2015	Wed Mar 04 20:36:00 PST 2015	Wed Mar 04 20:38:19 PST 2015	Wed Mar 04 22:38:13 PST 2015					[]	{}	2.014683333333333
33	question	red circle	square		-1	Male			Yes	-1	Windows	1080	1920	Chrome	338GLSUI43BTLUUMIJ31OQMPOEMSFL	3YT1BAKETIP0CPEJFKSOHLMKK6ZHP4	Questions and Answers	Participate in a 1-2 minute &quotecharguessing game&quotechar study about how people ask and answer questions! 	language research stanford fun cognitive science university	$0.25	Wed Mar 04 20:21:03 PST 2015	50	0	0	50	Reviewable	NotReviewed	1 cond	1800	60000	Fri Apr 03 21:21:03 PDT 2015	https://requester.mturk.com/mturk/manageHIT?HITId=338GLSUI43BTLUUMIJ31OQMPOEMSFL	3A4NIXBJ76ZF9BP7AZFFWDNM8AELMT	33	Approved	Thu Mar 05 13:18:21 PST 2015	Wed Mar 04 20:36:30 PST 2015	Wed Mar 04 20:38:21 PST 2015	Wed Mar 04 22:38:13 PST 2015					[]	{}	1.8226
33	question	blue circle	redCircle		-1	Male			Yes	-1	Windows	1080	1920	Chrome	338GLSUI43BTLUUMIJ31OQMPOEMSFL	3YT1BAKETIP0CPEJFKSOHLMKK6ZHP4	Questions and Answers	Participate in a 1-2 minute &quotecharguessing game&quotechar study about how people ask and answer questions! 	language research stanford fun cognitive science university	$0.25	Wed Mar 04 20:21:03 PST 2015	50	0	0	50	Reviewable	NotReviewed	1 cond	1800	60000	Fri Apr 03 21:21:03 PDT 2015	https://requester.mturk.com/mturk/manageHIT?HITId=338GLSUI43BTLUUMIJ31OQMPOEMSFL	3A4NIXBJ76ZF9BP7AZFFWDNM8AELMT	33	Approved	Thu Mar 05 13:18:21 PST 2015	Wed Mar 04 20:36:30 PST 2015	Wed Mar 04 20:38:21 PST 2015	Wed Mar 04 22:38:13 PST 2015					[]	{}	1.8226
34	question	red circle	square	English	1	Male	22		Confused	3	Windows	900	1440	Chrome	338GLSUI43BTLUUMIJ31OQMPOEMSFL	3YT1BAKETIP0CPEJFKSOHLMKK6ZHP4	Questions and Answers	Participate in a 1-2 minute &quotecharguessing game&quotechar study about how people ask and answer questions! 	language research stanford fun cognitive science university	$0.25	Wed Mar 04 20:21:03 PST 2015	50	0	0	50	Reviewable	NotReviewed	1 cond	1800	60000	Fri Apr 03 21:21:03 PDT 2015	https://requester.mturk.com/mturk/manageHIT?HITId=338GLSUI43BTLUUMIJ31OQMPOEMSFL	3OS4RQUCR9FXQSBEXZM8NK78ZFOBFP	34	Approved	Thu Mar 05 13:18:21 PST 2015	Wed Mar 04 20:37:40 PST 2015	Wed Mar 04 20:38:21 PST 2015	Wed Mar 04 22:38:13 PST 2015					[]	{}	0.6493333333333333
34	question	blue circle	redCircle	English	1	Male	22		Confused	3	Windows	900	1440	Chrome	338GLSUI43BTLUUMIJ31OQMPOEMSFL	3YT1BAKETIP0CPEJFKSOHLMKK6ZHP4	Questions and Answers	Participate in a 1-2 minute &quotecharguessing game&quotechar study about how people ask and answer questions! 	language research stanford fun cognitive science university	$0.25	Wed Mar 04 20:21:03 PST 2015	50	0	0	50	Reviewable	NotReviewed	1 cond	1800	60000	Fri Apr 03 21:21:03 PDT 2015	https://requester.mturk.com/mturk/manageHIT?HITId=338GLSUI43BTLUUMIJ31OQMPOEMSFL	3OS4RQUCR9FXQSBEXZM8NK78ZFOBFP	34	Approved	Thu Mar 05 13:18:21 PST 2015	Wed Mar 04 20:37:40 PST 2015	Wed Mar 04 20:38:21 PST 2015	Wed Mar 04 22:38:13 PST 2015					[]	{}	0.6493333333333333
35	question	blue circle	redCircle	English	1	Male	20	I thought I was supposed to guess the location with the help of the "helper." I probably didn&quotechart read it correctly. 	Confused	2	Mac	800	1280	Chrome	338GLSUI43BTLUUMIJ31OQMPOEMSFL	3YT1BAKETIP0CPEJFKSOHLMKK6ZHP4	Questions and Answers	Participate in a 1-2 minute &quotecharguessing game&quotechar study about how people ask and answer questions! 	language research stanford fun cognitive science university	$0.25	Wed Mar 04 20:21:03 PST 2015	50	0	0	50	Reviewable	NotReviewed	1 cond	1800	60000	Fri Apr 03 21:21:03 PDT 2015	https://requester.mturk.com/mturk/manageHIT?HITId=338GLSUI43BTLUUMIJ31OQMPOEMSFL	3MRNMEIQW56C5HJUX6GCDN0SZWMLDB	35	Approved	Thu Mar 05 13:18:31 PST 2015	Wed Mar 04 20:35:42 PST 2015	Wed Mar 04 20:38:31 PST 2015	Wed Mar 04 22:38:13 PST 2015					[]	{}	2.7921666666666667
35	question	red circle	redCircle	English	1	Male	20	I thought I was supposed to guess the location with the help of the "helper." I probably didn&quotechart read it correctly. 	Confused	2	Mac	800	1280	Chrome	338GLSUI43BTLUUMIJ31OQMPOEMSFL	3YT1BAKETIP0CPEJFKSOHLMKK6ZHP4	Questions and Answers	Participate in a 1-2 minute &quotecharguessing game&quotechar study about how people ask and answer questions! 	language research stanford fun cognitive science university	$0.25	Wed Mar 04 20:21:03 PST 2015	50	0	0	50	Reviewable	NotReviewed	1 cond	1800	60000	Fri Apr 03 21:21:03 PDT 2015	https://requester.mturk.com/mturk/manageHIT?HITId=338GLSUI43BTLUUMIJ31OQMPOEMSFL	3MRNMEIQW56C5HJUX6GCDN0SZWMLDB	35	Approved	Thu Mar 05 13:18:31 PST 2015	Wed Mar 04 20:35:42 PST 2015	Wed Mar 04 20:38:31 PST 2015	Wed Mar 04 22:38:13 PST 2015					[]	{}	2.7921666666666667
36	question	red circle	redCircle	English	1	Male	37	no comments	Yes	1	Windows	1050	1680	Firefox	338GLSUI43BTLUUMIJ31OQMPOEMSFL	3YT1BAKETIP0CPEJFKSOHLMKK6ZHP4	Questions and Answers	Participate in a 1-2 minute &quotecharguessing game&quotechar study about how people ask and answer questions! 	language research stanford fun cognitive science university	$0.25	Wed Mar 04 20:21:03 PST 2015	50	0	0	50	Reviewable	NotReviewed	1 cond	1800	60000	Fri Apr 03 21:21:03 PDT 2015	https://requester.mturk.com/mturk/manageHIT?HITId=338GLSUI43BTLUUMIJ31OQMPOEMSFL	3RUIQRXJBBOV3T7MANE0W08X85OLLR	36	Approved	Thu Mar 05 13:18:42 PST 2015	Wed Mar 04 20:36:40 PST 2015	Wed Mar 04 20:38:42 PST 2015	Wed Mar 04 22:38:13 PST 2015					[]	{}	1.9728333333333334
36	question	blue circle	redCircle	English	1	Male	37	no comments	Yes	1	Windows	1050	1680	Firefox	338GLSUI43BTLUUMIJ31OQMPOEMSFL	3YT1BAKETIP0CPEJFKSOHLMKK6ZHP4	Questions and Answers	Participate in a 1-2 minute &quotecharguessing game&quotechar study about how people ask and answer questions! 	language research stanford fun cognitive science university	$0.25	Wed Mar 04 20:21:03 PST 2015	50	0	0	50	Reviewable	NotReviewed	1 cond	1800	60000	Fri Apr 03 21:21:03 PDT 2015	https://requester.mturk.com/mturk/manageHIT?HITId=338GLSUI43BTLUUMIJ31OQMPOEMSFL	3RUIQRXJBBOV3T7MANE0W08X85OLLR	36	Approved	Thu Mar 05 13:18:42 PST 2015	Wed Mar 04 20:36:40 PST 2015	Wed Mar 04 20:38:42 PST 2015	Wed Mar 04 22:38:13 PST 2015					[]	{}	1.9728333333333334
37	question	red circle	redCircle	English	1	Female	29	Seemed very convoluted, I couldn&quotechart figure out what was going on	Confused	2	Windows	1200	1600	Chrome	338GLSUI43BTLUUMIJ31OQMPOEMSFL	3YT1BAKETIP0CPEJFKSOHLMKK6ZHP4	Questions and Answers	Participate in a 1-2 minute &quotecharguessing game&quotechar study about how people ask and answer questions! 	language research stanford fun cognitive science university	$0.25	Wed Mar 04 20:21:03 PST 2015	50	0	0	50	Reviewable	NotReviewed	1 cond	1800	60000	Fri Apr 03 21:21:03 PDT 2015	https://requester.mturk.com/mturk/manageHIT?HITId=338GLSUI43BTLUUMIJ31OQMPOEMSFL	32ZKVD547FN2AGVLD4L6MBIBWPJB3G	37	Approved	Thu Mar 05 13:18:49 PST 2015	Wed Mar 04 20:36:15 PST 2015	Wed Mar 04 20:38:49 PST 2015	Wed Mar 04 22:38:13 PST 2015					[]	{}	2.5385666666666666
37	question	blue circle	redCircle	English	1	Female	29	Seemed very convoluted, I couldn&quotechart figure out what was going on	Confused	2	Windows	1200	1600	Chrome	338GLSUI43BTLUUMIJ31OQMPOEMSFL	3YT1BAKETIP0CPEJFKSOHLMKK6ZHP4	Questions and Answers	Participate in a 1-2 minute &quotecharguessing game&quotechar study about how people ask and answer questions! 	language research stanford fun cognitive science university	$0.25	Wed Mar 04 20:21:03 PST 2015	50	0	0	50	Reviewable	NotReviewed	1 cond	1800	60000	Fri Apr 03 21:21:03 PDT 2015	https://requester.mturk.com/mturk/manageHIT?HITId=338GLSUI43BTLUUMIJ31OQMPOEMSFL	32ZKVD547FN2AGVLD4L6MBIBWPJB3G	37	Approved	Thu Mar 05 13:18:49 PST 2015	Wed Mar 04 20:36:15 PST 2015	Wed Mar 04 20:38:49 PST 2015	Wed Mar 04 22:38:13 PST 2015					[]	{}	2.5385666666666666
38	question	red circle	redCircle	english	1	Female	29		Yes	3	Windows	1050	1680	Firefox	338GLSUI43BTLUUMIJ31OQMPOEMSFL	3YT1BAKETIP0CPEJFKSOHLMKK6ZHP4	Questions and Answers	Participate in a 1-2 minute &quotecharguessing game&quotechar study about how people ask and answer questions! 	language research stanford fun cognitive science university	$0.25	Wed Mar 04 20:21:03 PST 2015	50	0	0	50	Reviewable	NotReviewed	1 cond	1800	60000	Fri Apr 03 21:21:03 PDT 2015	https://requester.mturk.com/mturk/manageHIT?HITId=338GLSUI43BTLUUMIJ31OQMPOEMSFL	38BQUHLA9W0NFWS4NRV7OURG3FJOMD	38	Approved	Thu Mar 05 13:18:57 PST 2015	Wed Mar 04 20:36:05 PST 2015	Wed Mar 04 20:38:57 PST 2015	Wed Mar 04 22:38:13 PST 2015					[]	{}	1.9926833333333334
38	question	blue circle	square	english	1	Female	29		Yes	3	Windows	1050	1680	Firefox	338GLSUI43BTLUUMIJ31OQMPOEMSFL	3YT1BAKETIP0CPEJFKSOHLMKK6ZHP4	Questions and Answers	Participate in a 1-2 minute &quotecharguessing game&quotechar study about how people ask and answer questions! 	language research stanford fun cognitive science university	$0.25	Wed Mar 04 20:21:03 PST 2015	50	0	0	50	Reviewable	NotReviewed	1 cond	1800	60000	Fri Apr 03 21:21:03 PDT 2015	https://requester.mturk.com/mturk/manageHIT?HITId=338GLSUI43BTLUUMIJ31OQMPOEMSFL	38BQUHLA9W0NFWS4NRV7OURG3FJOMD	38	Approved	Thu Mar 05 13:18:57 PST 2015	Wed Mar 04 20:36:05 PST 2015	Wed Mar 04 20:38:57 PST 2015	Wed Mar 04 22:38:13 PST 2015					[]	{}	1.9926833333333334
39	question	blue circle	redCircle	English	2		34		NA	3	Windows	704	1252	Firefox	338GLSUI43BTLUUMIJ31OQMPOEMSFL	3YT1BAKETIP0CPEJFKSOHLMKK6ZHP4	Questions and Answers	Participate in a 1-2 minute &quotecharguessing game&quotechar study about how people ask and answer questions! 	language research stanford fun cognitive science university	$0.25	Wed Mar 04 20:21:03 PST 2015	50	0	0	50	Reviewable	NotReviewed	1 cond	1800	60000	Fri Apr 03 21:21:03 PDT 2015	https://requester.mturk.com/mturk/manageHIT?HITId=338GLSUI43BTLUUMIJ31OQMPOEMSFL	3ZSY5X72NXBECC5WSZROATLQ92IOR1	39	Approved	Thu Mar 05 13:19:40 PST 2015	Wed Mar 04 20:37:30 PST 2015	Wed Mar 04 20:39:40 PST 2015	Wed Mar 04 22:38:13 PST 2015					[]	{}	2.1067666666666667
39	question	red circle	redCircle	English	2		34		NA	3	Windows	704	1252	Firefox	338GLSUI43BTLUUMIJ31OQMPOEMSFL	3YT1BAKETIP0CPEJFKSOHLMKK6ZHP4	Questions and Answers	Participate in a 1-2 minute &quotecharguessing game&quotechar study about how people ask and answer questions! 	language research stanford fun cognitive science university	$0.25	Wed Mar 04 20:21:03 PST 2015	50	0	0	50	Reviewable	NotReviewed	1 cond	1800	60000	Fri Apr 03 21:21:03 PDT 2015	https://requester.mturk.com/mturk/manageHIT?HITId=338GLSUI43BTLUUMIJ31OQMPOEMSFL	3ZSY5X72NXBECC5WSZROATLQ92IOR1	39	Approved	Thu Mar 05 13:19:40 PST 2015	Wed Mar 04 20:37:30 PST 2015	Wed Mar 04 20:39:40 PST 2015	Wed Mar 04 22:38:13 PST 2015					[]	{}	2.1067666666666667
40	question	blue circle	redCircle	english	0	Female	38		Confused	2	Windows	768	1366	Firefox	338GLSUI43BTLUUMIJ31OQMPOEMSFL	3YT1BAKETIP0CPEJFKSOHLMKK6ZHP4	Questions and Answers	Participate in a 1-2 minute &quotecharguessing game&quotechar study about how people ask and answer questions! 	language research stanford fun cognitive science university	$0.25	Wed Mar 04 20:21:03 PST 2015	50	0	0	50	Reviewable	NotReviewed	1 cond	1800	60000	Fri Apr 03 21:21:03 PDT 2015	https://requester.mturk.com/mturk/manageHIT?HITId=338GLSUI43BTLUUMIJ31OQMPOEMSFL	369J354OFDAXYGQECSBIUPLSMTE6GZ	40	Approved	Thu Mar 05 13:20:15 PST 2015	Wed Mar 04 20:37:57 PST 2015	Wed Mar 04 20:40:15 PST 2015	Wed Mar 04 22:38:30 PST 2015					[]	{}	2.25385
40	question	red circle	redCircle	english	0	Female	38		Confused	2	Windows	768	1366	Firefox	338GLSUI43BTLUUMIJ31OQMPOEMSFL	3YT1BAKETIP0CPEJFKSOHLMKK6ZHP4	Questions and Answers	Participate in a 1-2 minute &quotecharguessing game&quotechar study about how people ask and answer questions! 	language research stanford fun cognitive science university	$0.25	Wed Mar 04 20:21:03 PST 2015	50	0	0	50	Reviewable	NotReviewed	1 cond	1800	60000	Fri Apr 03 21:21:03 PDT 2015	https://requester.mturk.com/mturk/manageHIT?HITId=338GLSUI43BTLUUMIJ31OQMPOEMSFL	369J354OFDAXYGQECSBIUPLSMTE6GZ	40	Approved	Thu Mar 05 13:20:15 PST 2015	Wed Mar 04 20:37:57 PST 2015	Wed Mar 04 20:40:15 PST 2015	Wed Mar 04 22:38:30 PST 2015					[]	{}	2.25385
41	question	red circle	square	english	2	Male	36		Yes	2	Windows	768	1366	Chrome	338GLSUI43BTLUUMIJ31OQMPOEMSFL	3YT1BAKETIP0CPEJFKSOHLMKK6ZHP4	Questions and Answers	Participate in a 1-2 minute &quotecharguessing game&quotechar study about how people ask and answer questions! 	language research stanford fun cognitive science university	$0.25	Wed Mar 04 20:21:03 PST 2015	50	0	0	50	Reviewable	NotReviewed	1 cond	1800	60000	Fri Apr 03 21:21:03 PDT 2015	https://requester.mturk.com/mturk/manageHIT?HITId=338GLSUI43BTLUUMIJ31OQMPOEMSFL	3XUHV3NRVKYFF8LBRFJVNJJT5YF5HG	41	Approved	Thu Mar 05 13:20:16 PST 2015	Wed Mar 04 20:38:35 PST 2015	Wed Mar 04 20:40:16 PST 2015	Wed Mar 04 22:38:31 PST 2015					[]	{}	1.6261166666666667
41	question	blue circle	redCircle	english	2	Male	36		Yes	2	Windows	768	1366	Chrome	338GLSUI43BTLUUMIJ31OQMPOEMSFL	3YT1BAKETIP0CPEJFKSOHLMKK6ZHP4	Questions and Answers	Participate in a 1-2 minute &quotecharguessing game&quotechar study about how people ask and answer questions! 	language research stanford fun cognitive science university	$0.25	Wed Mar 04 20:21:03 PST 2015	50	0	0	50	Reviewable	NotReviewed	1 cond	1800	60000	Fri Apr 03 21:21:03 PDT 2015	https://requester.mturk.com/mturk/manageHIT?HITId=338GLSUI43BTLUUMIJ31OQMPOEMSFL	3XUHV3NRVKYFF8LBRFJVNJJT5YF5HG	41	Approved	Thu Mar 05 13:20:16 PST 2015	Wed Mar 04 20:38:35 PST 2015	Wed Mar 04 20:40:16 PST 2015	Wed Mar 04 22:38:31 PST 2015					[]	{}	1.6261166666666667
42	question	blue circle	redCircle	english	1	Female	39		Yes	3	Windows	900	1440	Chrome	338GLSUI43BTLUUMIJ31OQMPOEMSFL	3YT1BAKETIP0CPEJFKSOHLMKK6ZHP4	Questions and Answers	Participate in a 1-2 minute &quotecharguessing game&quotechar study about how people ask and answer questions! 	language research stanford fun cognitive science university	$0.25	Wed Mar 04 20:21:03 PST 2015	50	0	0	50	Reviewable	NotReviewed	1 cond	1800	60000	Fri Apr 03 21:21:03 PDT 2015	https://requester.mturk.com/mturk/manageHIT?HITId=338GLSUI43BTLUUMIJ31OQMPOEMSFL	33L7PJKHCGYO7ZV8P77NDMW8IIC8TW	42	Approved	Thu Mar 05 13:20:21 PST 2015	Wed Mar 04 20:37:46 PST 2015	Wed Mar 04 20:40:21 PST 2015	Wed Mar 04 22:38:31 PST 2015					[]	{}	2.5446
42	question	red circle	redCircle	english	1	Female	39		Yes	3	Windows	900	1440	Chrome	338GLSUI43BTLUUMIJ31OQMPOEMSFL	3YT1BAKETIP0CPEJFKSOHLMKK6ZHP4	Questions and Answers	Participate in a 1-2 minute &quotecharguessing game&quotechar study about how people ask and answer questions! 	language research stanford fun cognitive science university	$0.25	Wed Mar 04 20:21:03 PST 2015	50	0	0	50	Reviewable	NotReviewed	1 cond	1800	60000	Fri Apr 03 21:21:03 PDT 2015	https://requester.mturk.com/mturk/manageHIT?HITId=338GLSUI43BTLUUMIJ31OQMPOEMSFL	33L7PJKHCGYO7ZV8P77NDMW8IIC8TW	42	Approved	Thu Mar 05 13:20:21 PST 2015	Wed Mar 04 20:37:46 PST 2015	Wed Mar 04 20:40:21 PST 2015	Wed Mar 04 22:38:31 PST 2015					[]	{}	2.5446
43	question	red circle	redCircle	English	1	Male	50	This is something that, if given a chance to do multiple rounds, I&quotecharm sure I&quotechard learn to do much better.	Confused	4	Windows	768	1366	Chrome	338GLSUI43BTLUUMIJ31OQMPOEMSFL	3YT1BAKETIP0CPEJFKSOHLMKK6ZHP4	Questions and Answers	Participate in a 1-2 minute &quotecharguessing game&quotechar study about how people ask and answer questions! 	language research stanford fun cognitive science university	$0.25	Wed Mar 04 20:21:03 PST 2015	50	0	0	50	Reviewable	NotReviewed	1 cond	1800	60000	Fri Apr 03 21:21:03 PDT 2015	https://requester.mturk.com/mturk/manageHIT?HITId=338GLSUI43BTLUUMIJ31OQMPOEMSFL	39LNWE0K4UWWWIMAYY9OV7CO4SNIU4	43	Approved	Thu Mar 05 13:20:34 PST 2015	Wed Mar 04 20:37:24 PST 2015	Wed Mar 04 20:40:34 PST 2015	Wed Mar 04 22:38:31 PST 2015					[]	{}	3.13075
43	question	blue circle	square	English	1	Male	50	This is something that, if given a chance to do multiple rounds, I&quotecharm sure I&quotechard learn to do much better.	Confused	4	Windows	768	1366	Chrome	338GLSUI43BTLUUMIJ31OQMPOEMSFL	3YT1BAKETIP0CPEJFKSOHLMKK6ZHP4	Questions and Answers	Participate in a 1-2 minute &quotecharguessing game&quotechar study about how people ask and answer questions! 	language research stanford fun cognitive science university	$0.25	Wed Mar 04 20:21:03 PST 2015	50	0	0	50	Reviewable	NotReviewed	1 cond	1800	60000	Fri Apr 03 21:21:03 PDT 2015	https://requester.mturk.com/mturk/manageHIT?HITId=338GLSUI43BTLUUMIJ31OQMPOEMSFL	39LNWE0K4UWWWIMAYY9OV7CO4SNIU4	43	Approved	Thu Mar 05 13:20:34 PST 2015	Wed Mar 04 20:37:24 PST 2015	Wed Mar 04 20:40:34 PST 2015	Wed Mar 04 22:38:31 PST 2015					[]	{}	3.13075
44	question	blue circle	redCircle	english	1	Female	27		No	3	Mac	800	1280	Chrome	338GLSUI43BTLUUMIJ31OQMPOEMSFL	3YT1BAKETIP0CPEJFKSOHLMKK6ZHP4	Questions and Answers	Participate in a 1-2 minute &quotecharguessing game&quotechar study about how people ask and answer questions! 	language research stanford fun cognitive science university	$0.25	Wed Mar 04 20:21:03 PST 2015	50	0	0	50	Reviewable	NotReviewed	1 cond	1800	60000	Fri Apr 03 21:21:03 PDT 2015	https://requester.mturk.com/mturk/manageHIT?HITId=338GLSUI43BTLUUMIJ31OQMPOEMSFL	34QN5IT0TZRNRQYHR5JDTBU3L7E08B	44	Approved	Thu Mar 05 13:21:15 PST 2015	Wed Mar 04 20:38:25 PST 2015	Wed Mar 04 20:41:15 PST 2015	Wed Mar 04 22:38:31 PST 2015					[]	{}	2.8015833333333333
44	question	red circle	redCircle	english	1	Female	27		No	3	Mac	800	1280	Chrome	338GLSUI43BTLUUMIJ31OQMPOEMSFL	3YT1BAKETIP0CPEJFKSOHLMKK6ZHP4	Questions and Answers	Participate in a 1-2 minute &quotecharguessing game&quotechar study about how people ask and answer questions! 	language research stanford fun cognitive science university	$0.25	Wed Mar 04 20:21:03 PST 2015	50	0	0	50	Reviewable	NotReviewed	1 cond	1800	60000	Fri Apr 03 21:21:03 PDT 2015	https://requester.mturk.com/mturk/manageHIT?HITId=338GLSUI43BTLUUMIJ31OQMPOEMSFL	34QN5IT0TZRNRQYHR5JDTBU3L7E08B	44	Approved	Thu Mar 05 13:21:15 PST 2015	Wed Mar 04 20:38:25 PST 2015	Wed Mar 04 20:41:15 PST 2015	Wed Mar 04 22:38:31 PST 2015					[]	{}	2.8015833333333333
45	question	blue circle	square	English	2	Female	54	Show the ones the other person selected during the hit. That&quotechars what I thought would happen. I thought understood what to do and what would happen but there is a chance I did not. Good luck to you and getting the information you wanted or needed.	Yes	2	Windows	1080	1920	Chrome	338GLSUI43BTLUUMIJ31OQMPOEMSFL	3YT1BAKETIP0CPEJFKSOHLMKK6ZHP4	Questions and Answers	Participate in a 1-2 minute &quotecharguessing game&quotechar study about how people ask and answer questions! 	language research stanford fun cognitive science university	$0.25	Wed Mar 04 20:21:03 PST 2015	50	0	0	50	Reviewable	NotReviewed	1 cond	1800	60000	Fri Apr 03 21:21:03 PDT 2015	https://requester.mturk.com/mturk/manageHIT?HITId=338GLSUI43BTLUUMIJ31OQMPOEMSFL	3GFK2QRXX9HXCYG0ME5VOMTGKMSW57	45	Approved	Thu Mar 05 13:22:00 PST 2015	Wed Mar 04 20:37:36 PST 2015	Wed Mar 04 20:42:00 PST 2015	Wed Mar 04 22:38:31 PST 2015					[]	{}	4.3703666666666665
45	question	red circle	redCircle	English	2	Female	54	Show the ones the other person selected during the hit. That&quotechars what I thought would happen. I thought understood what to do and what would happen but there is a chance I did not. Good luck to you and getting the information you wanted or needed.	Yes	2	Windows	1080	1920	Chrome	338GLSUI43BTLUUMIJ31OQMPOEMSFL	3YT1BAKETIP0CPEJFKSOHLMKK6ZHP4	Questions and Answers	Participate in a 1-2 minute &quotecharguessing game&quotechar study about how people ask and answer questions! 	language research stanford fun cognitive science university	$0.25	Wed Mar 04 20:21:03 PST 2015	50	0	0	50	Reviewable	NotReviewed	1 cond	1800	60000	Fri Apr 03 21:21:03 PDT 2015	https://requester.mturk.com/mturk/manageHIT?HITId=338GLSUI43BTLUUMIJ31OQMPOEMSFL	3GFK2QRXX9HXCYG0ME5VOMTGKMSW57	45	Approved	Thu Mar 05 13:22:00 PST 2015	Wed Mar 04 20:37:36 PST 2015	Wed Mar 04 20:42:00 PST 2015	Wed Mar 04 22:38:31 PST 2015					[]	{}	4.3703666666666665
46	question	blue circle	redCircle	english	2	Female	40		Yes	2	Linux	768	1366	Chrome	338GLSUI43BTLUUMIJ31OQMPOEMSFL	3YT1BAKETIP0CPEJFKSOHLMKK6ZHP4	Questions and Answers	Participate in a 1-2 minute &quotecharguessing game&quotechar study about how people ask and answer questions! 	language research stanford fun cognitive science university	$0.25	Wed Mar 04 20:21:03 PST 2015	50	0	0	50	Reviewable	NotReviewed	1 cond	1800	60000	Fri Apr 03 21:21:03 PDT 2015	https://requester.mturk.com/mturk/manageHIT?HITId=338GLSUI43BTLUUMIJ31OQMPOEMSFL	3Z7ISHFUH0VKTB47VZW5ZAXP3EY8ZC	46	Approved	Thu Mar 05 13:23:20 PST 2015	Wed Mar 04 20:41:34 PST 2015	Wed Mar 04 20:43:20 PST 2015	Wed Mar 04 22:38:31 PST 2015					[]	{}	1.64925
46	question	red circle	redCircle	english	2	Female	40		Yes	2	Linux	768	1366	Chrome	338GLSUI43BTLUUMIJ31OQMPOEMSFL	3YT1BAKETIP0CPEJFKSOHLMKK6ZHP4	Questions and Answers	Participate in a 1-2 minute &quotecharguessing game&quotechar study about how people ask and answer questions! 	language research stanford fun cognitive science university	$0.25	Wed Mar 04 20:21:03 PST 2015	50	0	0	50	Reviewable	NotReviewed	1 cond	1800	60000	Fri Apr 03 21:21:03 PDT 2015	https://requester.mturk.com/mturk/manageHIT?HITId=338GLSUI43BTLUUMIJ31OQMPOEMSFL	3Z7ISHFUH0VKTB47VZW5ZAXP3EY8ZC	46	Approved	Thu Mar 05 13:23:20 PST 2015	Wed Mar 04 20:41:34 PST 2015	Wed Mar 04 20:43:20 PST 2015	Wed Mar 04 22:38:31 PST 2015					[]	{}	1.64925
47	question	blue circle	redCircle	English	2	Male	19		Yes	2	Windows	768	1366	Chrome	338GLSUI43BTLUUMIJ31OQMPOEMSFL	3YT1BAKETIP0CPEJFKSOHLMKK6ZHP4	Questions and Answers	Participate in a 1-2 minute &quotecharguessing game&quotechar study about how people ask and answer questions! 	language research stanford fun cognitive science university	$0.25	Wed Mar 04 20:21:03 PST 2015	50	0	0	50	Reviewable	NotReviewed	1 cond	1800	60000	Fri Apr 03 21:21:03 PDT 2015	https://requester.mturk.com/mturk/manageHIT?HITId=338GLSUI43BTLUUMIJ31OQMPOEMSFL	3GD6L00D3SX2J4L3HPXWCYE8A4A1M4	47	Approved	Thu Mar 05 13:24:06 PST 2015	Wed Mar 04 20:41:26 PST 2015	Wed Mar 04 20:44:06 PST 2015	Wed Mar 04 22:38:31 PST 2015					[]	{}	2.6436333333333333
47	question	red circle	redCircle	English	2	Male	19		Yes	2	Windows	768	1366	Chrome	338GLSUI43BTLUUMIJ31OQMPOEMSFL	3YT1BAKETIP0CPEJFKSOHLMKK6ZHP4	Questions and Answers	Participate in a 1-2 minute &quotecharguessing game&quotechar study about how people ask and answer questions! 	language research stanford fun cognitive science university	$0.25	Wed Mar 04 20:21:03 PST 2015	50	0	0	50	Reviewable	NotReviewed	1 cond	1800	60000	Fri Apr 03 21:21:03 PDT 2015	https://requester.mturk.com/mturk/manageHIT?HITId=338GLSUI43BTLUUMIJ31OQMPOEMSFL	3GD6L00D3SX2J4L3HPXWCYE8A4A1M4	47	Approved	Thu Mar 05 13:24:06 PST 2015	Wed Mar 04 20:41:26 PST 2015	Wed Mar 04 20:44:06 PST 2015	Wed Mar 04 22:38:31 PST 2015					[]	{}	2.6436333333333333
48	question	red circle	redCircle	English	2	Male	22		Yes	3	Windows	1080	1440	Firefox	338GLSUI43BTLUUMIJ31OQMPOEMSFL	3YT1BAKETIP0CPEJFKSOHLMKK6ZHP4	Questions and Answers	Participate in a 1-2 minute &quotecharguessing game&quotechar study about how people ask and answer questions! 	language research stanford fun cognitive science university	$0.25	Wed Mar 04 20:21:03 PST 2015	50	0	0	50	Reviewable	NotReviewed	1 cond	1800	60000	Fri Apr 03 21:21:03 PDT 2015	https://requester.mturk.com/mturk/manageHIT?HITId=338GLSUI43BTLUUMIJ31OQMPOEMSFL	3B3WTRP3DB2U15K5BKT5CVIT2BG29M	48	Approved	Thu Mar 05 13:26:31 PST 2015	Wed Mar 04 20:31:45 PST 2015	Wed Mar 04 20:46:31 PST 2015	Wed Mar 04 22:38:32 PST 2015					[]	{}	0.5402833333333333
48	question	blue circle	redCircle	English	2	Male	22		Yes	3	Windows	1080	1440	Firefox	338GLSUI43BTLUUMIJ31OQMPOEMSFL	3YT1BAKETIP0CPEJFKSOHLMKK6ZHP4	Questions and Answers	Participate in a 1-2 minute &quotecharguessing game&quotechar study about how people ask and answer questions! 	language research stanford fun cognitive science university	$0.25	Wed Mar 04 20:21:03 PST 2015	50	0	0	50	Reviewable	NotReviewed	1 cond	1800	60000	Fri Apr 03 21:21:03 PDT 2015	https://requester.mturk.com/mturk/manageHIT?HITId=338GLSUI43BTLUUMIJ31OQMPOEMSFL	3B3WTRP3DB2U15K5BKT5CVIT2BG29M	48	Approved	Thu Mar 05 13:26:31 PST 2015	Wed Mar 04 20:31:45 PST 2015	Wed Mar 04 20:46:31 PST 2015	Wed Mar 04 22:38:32 PST 2015					[]	{}	0.5402833333333333
49	question	red circle	redCircle	English	1	Female	24		Yes	3	Windows	768	1366	Chrome	338GLSUI43BTLUUMIJ31OQMPOEMSFL	3YT1BAKETIP0CPEJFKSOHLMKK6ZHP4	Questions and Answers	Participate in a 1-2 minute &quotecharguessing game&quotechar study about how people ask and answer questions! 	language research stanford fun cognitive science university	$0.25	Wed Mar 04 20:21:03 PST 2015	50	0	0	50	Reviewable	NotReviewed	1 cond	1800	60000	Fri Apr 03 21:21:03 PDT 2015	https://requester.mturk.com/mturk/manageHIT?HITId=338GLSUI43BTLUUMIJ31OQMPOEMSFL	39KFRKBFINVN9DHI6UJIIPENCPXOY3	49	Approved	Thu Mar 05 13:30:13 PST 2015	Wed Mar 04 20:42:18 PST 2015	Wed Mar 04 20:50:13 PST 2015	Wed Mar 04 22:38:32 PST 2015					[]	{}	7.88495
49	question	blue circle	square	English	1	Female	24		Yes	3	Windows	768	1366	Chrome	338GLSUI43BTLUUMIJ31OQMPOEMSFL	3YT1BAKETIP0CPEJFKSOHLMKK6ZHP4	Questions and Answers	Participate in a 1-2 minute &quotecharguessing game&quotechar study about how people ask and answer questions! 	language research stanford fun cognitive science university	$0.25	Wed Mar 04 20:21:03 PST 2015	50	0	0	50	Reviewable	NotReviewed	1 cond	1800	60000	Fri Apr 03 21:21:03 PDT 2015	https://requester.mturk.com/mturk/manageHIT?HITId=338GLSUI43BTLUUMIJ31OQMPOEMSFL	39KFRKBFINVN9DHI6UJIIPENCPXOY3	49	Approved	Thu Mar 05 13:30:13 PST 2015	Wed Mar 04 20:42:18 PST 2015	Wed Mar 04 20:50:13 PST 2015	Wed Mar 04 22:38:32 PST 2015					[]	{}	7.88495