qud, ansR, KLR, response, model_prob
dalmatian,1,1,animal,0.25
dalmatian,1,1,mammal,0.25
dalmatian,1,1,dog,0.25
dalmatian,1,1,dalmatian,0.25
poodle,1,1,animal,0.25
poodle,1,1,mammal,0.25
poodle,1,1,dog,0.25
poodle,1,1,dalmatian,0.25
siamese cat,1,1,animal,0.25
siamese cat,1,1,mammal,0.25
siamese cat,1,1,dog,0.25
siamese cat,1,1,dalmatian,0.25
goldfish,1,1,animal,0.25
goldfish,1,1,mammal,0.25
goldfish,1,1,dog,0.25
goldfish,1,1,dalmatian,0.25
dalmatian,1,1.5,animal,0.25
dalmatian,1,1.5,mammal,0.25
dalmatian,1,1.5,dog,0.25
dalmatian,1,1.5,dalmatian,0.25
poodle,1,1.5,animal,0.25
poodle,1,1.5,mammal,0.25
poodle,1,1.5,dog,0.25
poodle,1,1.5,dalmatian,0.25
siamese cat,1,1.5,animal,0.25
siamese cat,1,1.5,mammal,0.25
siamese cat,1,1.5,dog,0.25
siamese cat,1,1.5,dalmatian,0.25
goldfish,1,1.5,animal,0.25
goldfish,1,1.5,mammal,0.25
goldfish,1,1.5,dog,0.25
goldfish,1,1.5,dalmatian,0.25
dalmatian,1,2,animal,0.25
dalmatian,1,2,mammal,0.25
dalmatian,1,2,dog,0.25
dalmatian,1,2,dalmatian,0.25
poodle,1,2,animal,0.25
poodle,1,2,mammal,0.25
poodle,1,2,dog,0.25
poodle,1,2,dalmatian,0.25
siamese cat,1,2,animal,0.25
siamese cat,1,2,mammal,0.25
siamese cat,1,2,dog,0.25
siamese cat,1,2,dalmatian,0.25
goldfish,1,2,animal,0.25
goldfish,1,2,mammal,0.25
goldfish,1,2,dog,0.25
goldfish,1,2,dalmatian,0.25
dalmatian,1,2.5,animal,0.25
dalmatian,1,2.5,mammal,0.25
dalmatian,1,2.5,dog,0.25
dalmatian,1,2.5,dalmatian,0.25
poodle,1,2.5,animal,0.25
poodle,1,2.5,mammal,0.25
poodle,1,2.5,dog,0.25
poodle,1,2.5,dalmatian,0.25
siamese cat,1,2.5,animal,0.25
siamese cat,1,2.5,mammal,0.25
siamese cat,1,2.5,dog,0.25
siamese cat,1,2.5,dalmatian,0.25
goldfish,1,2.5,animal,0.25
goldfish,1,2.5,mammal,0.25
goldfish,1,2.5,dog,0.25
goldfish,1,2.5,dalmatian,0.25
dalmatian,1,3,animal,0.25
dalmatian,1,3,mammal,0.25
dalmatian,1,3,dog,0.25
dalmatian,1,3,dalmatian,0.25
poodle,1,3,animal,0.25
poodle,1,3,mammal,0.25
poodle,1,3,dog,0.25
poodle,1,3,dalmatian,0.25
siamese cat,1,3,animal,0.25
siamese cat,1,3,mammal,0.25
siamese cat,1,3,dog,0.25
siamese cat,1,3,dalmatian,0.25
goldfish,1,3,animal,0.25
goldfish,1,3,mammal,0.25
goldfish,1,3,dog,0.25
goldfish,1,3,dalmatian,0.25
dalmatian,1,3.5,animal,0.25
dalmatian,1,3.5,mammal,0.25
dalmatian,1,3.5,dog,0.25
dalmatian,1,3.5,dalmatian,0.25
poodle,1,3.5,animal,0.25
poodle,1,3.5,mammal,0.25
poodle,1,3.5,dog,0.25
poodle,1,3.5,dalmatian,0.25
siamese cat,1,3.5,animal,0.25
siamese cat,1,3.5,mammal,0.25
siamese cat,1,3.5,dog,0.25
siamese cat,1,3.5,dalmatian,0.25
goldfish,1,3.5,animal,0.25
goldfish,1,3.5,mammal,0.25
goldfish,1,3.5,dog,0.25
goldfish,1,3.5,dalmatian,0.25
dalmatian,1,4,animal,0.25
dalmatian,1,4,mammal,0.25
dalmatian,1,4,dog,0.25
dalmatian,1,4,dalmatian,0.25
poodle,1,4,animal,0.25
poodle,1,4,mammal,0.25
poodle,1,4,dog,0.25
poodle,1,4,dalmatian,0.25
siamese cat,1,4,animal,0.25
siamese cat,1,4,mammal,0.25
siamese cat,1,4,dog,0.25
siamese cat,1,4,dalmatian,0.25
goldfish,1,4,animal,0.25
goldfish,1,4,mammal,0.25
goldfish,1,4,dog,0.25
goldfish,1,4,dalmatian,0.25
dalmatian,1,4.5,animal,0.25
dalmatian,1,4.5,mammal,0.25
dalmatian,1,4.5,dog,0.25
dalmatian,1,4.5,dalmatian,0.25
poodle,1,4.5,animal,0.25
poodle,1,4.5,mammal,0.25
poodle,1,4.5,dog,0.25
poodle,1,4.5,dalmatian,0.25
siamese cat,1,4.5,animal,0.25
siamese cat,1,4.5,mammal,0.25
siamese cat,1,4.5,dog,0.25
siamese cat,1,4.5,dalmatian,0.25
goldfish,1,4.5,animal,0.25
goldfish,1,4.5,mammal,0.25
goldfish,1,4.5,dog,0.25
goldfish,1,4.5,dalmatian,0.25
dalmatian,1,5,animal,0.25
dalmatian,1,5,mammal,0.25
dalmatian,1,5,dog,0.25
dalmatian,1,5,dalmatian,0.25
poodle,1,5,animal,0.25
poodle,1,5,mammal,0.25
poodle,1,5,dog,0.25
poodle,1,5,dalmatian,0.25
siamese cat,1,5,animal,0.25
siamese cat,1,5,mammal,0.25
siamese cat,1,5,dog,0.25
siamese cat,1,5,dalmatian,0.25
goldfish,1,5,animal,0.25
goldfish,1,5,mammal,0.25
goldfish,1,5,dog,0.25
goldfish,1,5,dalmatian,0.25
dalmatian,1,5.5,animal,0.25
dalmatian,1,5.5,mammal,0.25
dalmatian,1,5.5,dog,0.25
dalmatian,1,5.5,dalmatian,0.25
poodle,1,5.5,animal,0.25
poodle,1,5.5,mammal,0.25
poodle,1,5.5,dog,0.25
poodle,1,5.5,dalmatian,0.25
siamese cat,1,5.5,animal,0.25
siamese cat,1,5.5,mammal,0.25
siamese cat,1,5.5,dog,0.25
siamese cat,1,5.5,dalmatian,0.25
goldfish,1,5.5,animal,0.25
goldfish,1,5.5,mammal,0.25
goldfish,1,5.5,dog,0.25
goldfish,1,5.5,dalmatian,0.25
dalmatian,1,6,animal,0.25
dalmatian,1,6,mammal,0.25
dalmatian,1,6,dog,0.25
dalmatian,1,6,dalmatian,0.25
poodle,1,6,animal,0.25
poodle,1,6,mammal,0.25
poodle,1,6,dog,0.25
poodle,1,6,dalmatian,0.25
siamese cat,1,6,animal,0.25
siamese cat,1,6,mammal,0.25
siamese cat,1,6,dog,0.25
siamese cat,1,6,dalmatian,0.25
goldfish,1,6,animal,0.25
goldfish,1,6,mammal,0.25
goldfish,1,6,dog,0.25
goldfish,1,6,dalmatian,0.25
dalmatian,1,6.5,animal,0.25
dalmatian,1,6.5,mammal,0.25
dalmatian,1,6.5,dog,0.25
dalmatian,1,6.5,dalmatian,0.25
poodle,1,6.5,animal,0.25
poodle,1,6.5,mammal,0.25
poodle,1,6.5,dog,0.25
poodle,1,6.5,dalmatian,0.25
siamese cat,1,6.5,animal,0.25
siamese cat,1,6.5,mammal,0.25
siamese cat,1,6.5,dog,0.25
siamese cat,1,6.5,dalmatian,0.25
goldfish,1,6.5,animal,0.25
goldfish,1,6.5,mammal,0.25
goldfish,1,6.5,dog,0.25
goldfish,1,6.5,dalmatian,0.25
dalmatian,1,7,animal,0.25
dalmatian,1,7,mammal,0.25
dalmatian,1,7,dog,0.25
dalmatian,1,7,dalmatian,0.25
poodle,1,7,animal,0.25
poodle,1,7,mammal,0.25
poodle,1,7,dog,0.25
poodle,1,7,dalmatian,0.25
siamese cat,1,7,animal,0.25
siamese cat,1,7,mammal,0.25
siamese cat,1,7,dog,0.25
siamese cat,1,7,dalmatian,0.25
goldfish,1,7,animal,0.25
goldfish,1,7,mammal,0.25
goldfish,1,7,dog,0.25
goldfish,1,7,dalmatian,0.25
dalmatian,1,7.5,animal,0.25
dalmatian,1,7.5,mammal,0.25
dalmatian,1,7.5,dog,0.25
dalmatian,1,7.5,dalmatian,0.25
poodle,1,7.5,animal,0.25
poodle,1,7.5,mammal,0.25
poodle,1,7.5,dog,0.25
poodle,1,7.5,dalmatian,0.25
siamese cat,1,7.5,animal,0.25
siamese cat,1,7.5,mammal,0.25
siamese cat,1,7.5,dog,0.25
siamese cat,1,7.5,dalmatian,0.25
goldfish,1,7.5,animal,0.25
goldfish,1,7.5,mammal,0.25
goldfish,1,7.5,dog,0.25
goldfish,1,7.5,dalmatian,0.25
dalmatian,1.5,1,animal,0.25
dalmatian,1.5,1,mammal,0.25
dalmatian,1.5,1,dog,0.25
dalmatian,1.5,1,dalmatian,0.25
poodle,1.5,1,animal,0.25
poodle,1.5,1,mammal,0.25
poodle,1.5,1,dog,0.25
poodle,1.5,1,dalmatian,0.25
siamese cat,1.5,1,animal,0.25
siamese cat,1.5,1,mammal,0.25
siamese cat,1.5,1,dog,0.25
siamese cat,1.5,1,dalmatian,0.25
goldfish,1.5,1,animal,0.25
goldfish,1.5,1,mammal,0.25
goldfish,1.5,1,dog,0.25
goldfish,1.5,1,dalmatian,0.25
dalmatian,1.5,1.5,animal,0.25
dalmatian,1.5,1.5,mammal,0.25
dalmatian,1.5,1.5,dog,0.25
dalmatian,1.5,1.5,dalmatian,0.25
poodle,1.5,1.5,animal,0.25
poodle,1.5,1.5,mammal,0.25
poodle,1.5,1.5,dog,0.25
poodle,1.5,1.5,dalmatian,0.25
siamese cat,1.5,1.5,animal,0.25
siamese cat,1.5,1.5,mammal,0.25
siamese cat,1.5,1.5,dog,0.25
siamese cat,1.5,1.5,dalmatian,0.25
goldfish,1.5,1.5,animal,0.25
goldfish,1.5,1.5,mammal,0.25
goldfish,1.5,1.5,dog,0.25
goldfish,1.5,1.5,dalmatian,0.25
dalmatian,1.5,2,animal,0.25
dalmatian,1.5,2,mammal,0.25
dalmatian,1.5,2,dog,0.25
dalmatian,1.5,2,dalmatian,0.25
poodle,1.5,2,animal,0.25
poodle,1.5,2,mammal,0.25
poodle,1.5,2,dog,0.25
poodle,1.5,2,dalmatian,0.25
siamese cat,1.5,2,animal,0.25
siamese cat,1.5,2,mammal,0.25
siamese cat,1.5,2,dog,0.25
siamese cat,1.5,2,dalmatian,0.25
goldfish,1.5,2,animal,0.25
goldfish,1.5,2,mammal,0.25
goldfish,1.5,2,dog,0.25
goldfish,1.5,2,dalmatian,0.25
dalmatian,1.5,2.5,animal,0.25
dalmatian,1.5,2.5,mammal,0.25
dalmatian,1.5,2.5,dog,0.25
dalmatian,1.5,2.5,dalmatian,0.25
poodle,1.5,2.5,animal,0.25
poodle,1.5,2.5,mammal,0.25
poodle,1.5,2.5,dog,0.25
poodle,1.5,2.5,dalmatian,0.25
siamese cat,1.5,2.5,animal,0.25
siamese cat,1.5,2.5,mammal,0.25
siamese cat,1.5,2.5,dog,0.25
siamese cat,1.5,2.5,dalmatian,0.25
goldfish,1.5,2.5,animal,0.25
goldfish,1.5,2.5,mammal,0.25
goldfish,1.5,2.5,dog,0.25
goldfish,1.5,2.5,dalmatian,0.25
dalmatian,1.5,3,animal,0.25
dalmatian,1.5,3,mammal,0.25
dalmatian,1.5,3,dog,0.25
dalmatian,1.5,3,dalmatian,0.25
poodle,1.5,3,animal,0.25
poodle,1.5,3,mammal,0.25
poodle,1.5,3,dog,0.25
poodle,1.5,3,dalmatian,0.25
siamese cat,1.5,3,animal,0.25
siamese cat,1.5,3,mammal,0.25
siamese cat,1.5,3,dog,0.25
siamese cat,1.5,3,dalmatian,0.25
goldfish,1.5,3,animal,0.25
goldfish,1.5,3,mammal,0.25
goldfish,1.5,3,dog,0.25
goldfish,1.5,3,dalmatian,0.25
dalmatian,1.5,3.5,animal,0.25
dalmatian,1.5,3.5,mammal,0.25
dalmatian,1.5,3.5,dog,0.25
dalmatian,1.5,3.5,dalmatian,0.25
poodle,1.5,3.5,animal,0.25
poodle,1.5,3.5,mammal,0.25
poodle,1.5,3.5,dog,0.25
poodle,1.5,3.5,dalmatian,0.25
siamese cat,1.5,3.5,animal,0.25
siamese cat,1.5,3.5,mammal,0.25
siamese cat,1.5,3.5,dog,0.25
siamese cat,1.5,3.5,dalmatian,0.25
goldfish,1.5,3.5,animal,0.25
goldfish,1.5,3.5,mammal,0.25
goldfish,1.5,3.5,dog,0.25
goldfish,1.5,3.5,dalmatian,0.25
dalmatian,1.5,4,animal,0.25
dalmatian,1.5,4,mammal,0.25
dalmatian,1.5,4,dog,0.25
dalmatian,1.5,4,dalmatian,0.25
poodle,1.5,4,animal,0.25
poodle,1.5,4,mammal,0.25
poodle,1.5,4,dog,0.25
poodle,1.5,4,dalmatian,0.25
siamese cat,1.5,4,animal,0.25
siamese cat,1.5,4,mammal,0.25
siamese cat,1.5,4,dog,0.25
siamese cat,1.5,4,dalmatian,0.25
goldfish,1.5,4,animal,0.25
goldfish,1.5,4,mammal,0.25
goldfish,1.5,4,dog,0.25
goldfish,1.5,4,dalmatian,0.25
dalmatian,1.5,4.5,animal,0.25
dalmatian,1.5,4.5,mammal,0.25
dalmatian,1.5,4.5,dog,0.25
dalmatian,1.5,4.5,dalmatian,0.25
poodle,1.5,4.5,animal,0.25
poodle,1.5,4.5,mammal,0.25
poodle,1.5,4.5,dog,0.25
poodle,1.5,4.5,dalmatian,0.25
siamese cat,1.5,4.5,animal,0.25
siamese cat,1.5,4.5,mammal,0.25
siamese cat,1.5,4.5,dog,0.25
siamese cat,1.5,4.5,dalmatian,0.25
goldfish,1.5,4.5,animal,0.25
goldfish,1.5,4.5,mammal,0.25
goldfish,1.5,4.5,dog,0.25
goldfish,1.5,4.5,dalmatian,0.25
dalmatian,1.5,5,animal,0.25
dalmatian,1.5,5,mammal,0.25
dalmatian,1.5,5,dog,0.25
dalmatian,1.5,5,dalmatian,0.25
poodle,1.5,5,animal,0.25
poodle,1.5,5,mammal,0.25
poodle,1.5,5,dog,0.25
poodle,1.5,5,dalmatian,0.25
siamese cat,1.5,5,animal,0.25
siamese cat,1.5,5,mammal,0.25
siamese cat,1.5,5,dog,0.25
siamese cat,1.5,5,dalmatian,0.25
goldfish,1.5,5,animal,0.25
goldfish,1.5,5,mammal,0.25
goldfish,1.5,5,dog,0.25
goldfish,1.5,5,dalmatian,0.25
dalmatian,1.5,5.5,animal,0.25
dalmatian,1.5,5.5,mammal,0.25
dalmatian,1.5,5.5,dog,0.25
dalmatian,1.5,5.5,dalmatian,0.25
poodle,1.5,5.5,animal,0.25
poodle,1.5,5.5,mammal,0.25
poodle,1.5,5.5,dog,0.25
poodle,1.5,5.5,dalmatian,0.25
siamese cat,1.5,5.5,animal,0.25
siamese cat,1.5,5.5,mammal,0.25
siamese cat,1.5,5.5,dog,0.25
siamese cat,1.5,5.5,dalmatian,0.25
goldfish,1.5,5.5,animal,0.25
goldfish,1.5,5.5,mammal,0.25
goldfish,1.5,5.5,dog,0.25
goldfish,1.5,5.5,dalmatian,0.25
dalmatian,1.5,6,animal,0.25
dalmatian,1.5,6,mammal,0.25
dalmatian,1.5,6,dog,0.25
dalmatian,1.5,6,dalmatian,0.25
poodle,1.5,6,animal,0.25
poodle,1.5,6,mammal,0.25
poodle,1.5,6,dog,0.25
poodle,1.5,6,dalmatian,0.25
siamese cat,1.5,6,animal,0.25
siamese cat,1.5,6,mammal,0.25
siamese cat,1.5,6,dog,0.25
siamese cat,1.5,6,dalmatian,0.25
goldfish,1.5,6,animal,0.25
goldfish,1.5,6,mammal,0.25
goldfish,1.5,6,dog,0.25
goldfish,1.5,6,dalmatian,0.25
dalmatian,1.5,6.5,animal,0.25
dalmatian,1.5,6.5,mammal,0.25
dalmatian,1.5,6.5,dog,0.25
dalmatian,1.5,6.5,dalmatian,0.25
poodle,1.5,6.5,animal,0.25
poodle,1.5,6.5,mammal,0.25
poodle,1.5,6.5,dog,0.25
poodle,1.5,6.5,dalmatian,0.25
siamese cat,1.5,6.5,animal,0.25
siamese cat,1.5,6.5,mammal,0.25
siamese cat,1.5,6.5,dog,0.25
siamese cat,1.5,6.5,dalmatian,0.25
goldfish,1.5,6.5,animal,0.25
goldfish,1.5,6.5,mammal,0.25
goldfish,1.5,6.5,dog,0.25
goldfish,1.5,6.5,dalmatian,0.25
dalmatian,1.5,7,animal,0.25
dalmatian,1.5,7,mammal,0.25
dalmatian,1.5,7,dog,0.25
dalmatian,1.5,7,dalmatian,0.25
poodle,1.5,7,animal,0.25
poodle,1.5,7,mammal,0.25
poodle,1.5,7,dog,0.25
poodle,1.5,7,dalmatian,0.25
siamese cat,1.5,7,animal,0.25
siamese cat,1.5,7,mammal,0.25
siamese cat,1.5,7,dog,0.25
siamese cat,1.5,7,dalmatian,0.25
goldfish,1.5,7,animal,0.25
goldfish,1.5,7,mammal,0.25
goldfish,1.5,7,dog,0.25
goldfish,1.5,7,dalmatian,0.25
dalmatian,1.5,7.5,animal,0.25
dalmatian,1.5,7.5,mammal,0.25
dalmatian,1.5,7.5,dog,0.25
dalmatian,1.5,7.5,dalmatian,0.25
poodle,1.5,7.5,animal,0.25
poodle,1.5,7.5,mammal,0.25
poodle,1.5,7.5,dog,0.25
poodle,1.5,7.5,dalmatian,0.25
siamese cat,1.5,7.5,animal,0.25
siamese cat,1.5,7.5,mammal,0.25
siamese cat,1.5,7.5,dog,0.25
siamese cat,1.5,7.5,dalmatian,0.25
goldfish,1.5,7.5,animal,0.25
goldfish,1.5,7.5,mammal,0.25
goldfish,1.5,7.5,dog,0.25
goldfish,1.5,7.5,dalmatian,0.25
dalmatian,2,1,animal,0.25
dalmatian,2,1,mammal,0.25
dalmatian,2,1,dog,0.25
dalmatian,2,1,dalmatian,0.25
poodle,2,1,animal,0.25
poodle,2,1,mammal,0.25
poodle,2,1,dog,0.25
poodle,2,1,dalmatian,0.25
siamese cat,2,1,animal,0.25
siamese cat,2,1,mammal,0.25
siamese cat,2,1,dog,0.25
siamese cat,2,1,dalmatian,0.25
goldfish,2,1,animal,0.25
goldfish,2,1,mammal,0.25
goldfish,2,1,dog,0.25
goldfish,2,1,dalmatian,0.25
dalmatian,2,1.5,animal,0.25
dalmatian,2,1.5,mammal,0.25
dalmatian,2,1.5,dog,0.25
dalmatian,2,1.5,dalmatian,0.25
poodle,2,1.5,animal,0.25
poodle,2,1.5,mammal,0.25
poodle,2,1.5,dog,0.25
poodle,2,1.5,dalmatian,0.25
siamese cat,2,1.5,animal,0.25
siamese cat,2,1.5,mammal,0.25
siamese cat,2,1.5,dog,0.25
siamese cat,2,1.5,dalmatian,0.25
goldfish,2,1.5,animal,0.25
goldfish,2,1.5,mammal,0.25
goldfish,2,1.5,dog,0.25
goldfish,2,1.5,dalmatian,0.25
dalmatian,2,2,animal,0.25
dalmatian,2,2,mammal,0.25
dalmatian,2,2,dog,0.25
dalmatian,2,2,dalmatian,0.25
poodle,2,2,animal,0.25
poodle,2,2,mammal,0.25
poodle,2,2,dog,0.25
poodle,2,2,dalmatian,0.25
siamese cat,2,2,animal,0.25
siamese cat,2,2,mammal,0.25
siamese cat,2,2,dog,0.25
siamese cat,2,2,dalmatian,0.25
goldfish,2,2,animal,0.25
goldfish,2,2,mammal,0.25
goldfish,2,2,dog,0.25
goldfish,2,2,dalmatian,0.25
dalmatian,2,2.5,animal,0.25
dalmatian,2,2.5,mammal,0.25
dalmatian,2,2.5,dog,0.25
dalmatian,2,2.5,dalmatian,0.25
poodle,2,2.5,animal,0.25
poodle,2,2.5,mammal,0.25
poodle,2,2.5,dog,0.25
poodle,2,2.5,dalmatian,0.25
siamese cat,2,2.5,animal,0.25
siamese cat,2,2.5,mammal,0.25
siamese cat,2,2.5,dog,0.25
siamese cat,2,2.5,dalmatian,0.25
goldfish,2,2.5,animal,0.25
goldfish,2,2.5,mammal,0.25
goldfish,2,2.5,dog,0.25
goldfish,2,2.5,dalmatian,0.25
dalmatian,2,3,animal,0.25
dalmatian,2,3,mammal,0.25
dalmatian,2,3,dog,0.25
dalmatian,2,3,dalmatian,0.25
poodle,2,3,animal,0.25
poodle,2,3,mammal,0.25
poodle,2,3,dog,0.25
poodle,2,3,dalmatian,0.25
siamese cat,2,3,animal,0.25
siamese cat,2,3,mammal,0.25
siamese cat,2,3,dog,0.25
siamese cat,2,3,dalmatian,0.25
goldfish,2,3,animal,0.25
goldfish,2,3,mammal,0.25
goldfish,2,3,dog,0.25
goldfish,2,3,dalmatian,0.25
dalmatian,2,3.5,animal,0.25
dalmatian,2,3.5,mammal,0.25
dalmatian,2,3.5,dog,0.25
dalmatian,2,3.5,dalmatian,0.25
poodle,2,3.5,animal,0.25
poodle,2,3.5,mammal,0.25
poodle,2,3.5,dog,0.25
poodle,2,3.5,dalmatian,0.25
siamese cat,2,3.5,animal,0.25
siamese cat,2,3.5,mammal,0.25
siamese cat,2,3.5,dog,0.25
siamese cat,2,3.5,dalmatian,0.25
goldfish,2,3.5,animal,0.25
goldfish,2,3.5,mammal,0.25
goldfish,2,3.5,dog,0.25
goldfish,2,3.5,dalmatian,0.25
dalmatian,2,4,animal,0.25
dalmatian,2,4,mammal,0.25
dalmatian,2,4,dog,0.25
dalmatian,2,4,dalmatian,0.25
poodle,2,4,animal,0.25
poodle,2,4,mammal,0.25
poodle,2,4,dog,0.25
poodle,2,4,dalmatian,0.25
siamese cat,2,4,animal,0.25
siamese cat,2,4,mammal,0.25
siamese cat,2,4,dog,0.25
siamese cat,2,4,dalmatian,0.25
goldfish,2,4,animal,0.25
goldfish,2,4,mammal,0.25
goldfish,2,4,dog,0.25
goldfish,2,4,dalmatian,0.25
dalmatian,2,4.5,animal,0.25
dalmatian,2,4.5,mammal,0.25
dalmatian,2,4.5,dog,0.25
dalmatian,2,4.5,dalmatian,0.25
poodle,2,4.5,animal,0.25
poodle,2,4.5,mammal,0.25
poodle,2,4.5,dog,0.25
poodle,2,4.5,dalmatian,0.25
siamese cat,2,4.5,animal,0.25
siamese cat,2,4.5,mammal,0.25
siamese cat,2,4.5,dog,0.25
siamese cat,2,4.5,dalmatian,0.25
goldfish,2,4.5,animal,0.25
goldfish,2,4.5,mammal,0.25
goldfish,2,4.5,dog,0.25
goldfish,2,4.5,dalmatian,0.25
dalmatian,2,5,animal,0.25
dalmatian,2,5,mammal,0.25
dalmatian,2,5,dog,0.25
dalmatian,2,5,dalmatian,0.25
poodle,2,5,animal,0.25
poodle,2,5,mammal,0.25
poodle,2,5,dog,0.25
poodle,2,5,dalmatian,0.25
siamese cat,2,5,animal,0.25
siamese cat,2,5,mammal,0.25
siamese cat,2,5,dog,0.25
siamese cat,2,5,dalmatian,0.25
goldfish,2,5,animal,0.25
goldfish,2,5,mammal,0.25
goldfish,2,5,dog,0.25
goldfish,2,5,dalmatian,0.25
dalmatian,2,5.5,animal,0.25
dalmatian,2,5.5,mammal,0.25
dalmatian,2,5.5,dog,0.25
dalmatian,2,5.5,dalmatian,0.25
poodle,2,5.5,animal,0.25
poodle,2,5.5,mammal,0.25
poodle,2,5.5,dog,0.25
poodle,2,5.5,dalmatian,0.25
siamese cat,2,5.5,animal,0.25
siamese cat,2,5.5,mammal,0.25
siamese cat,2,5.5,dog,0.25
siamese cat,2,5.5,dalmatian,0.25
goldfish,2,5.5,animal,0.25
goldfish,2,5.5,mammal,0.25
goldfish,2,5.5,dog,0.25
goldfish,2,5.5,dalmatian,0.25
dalmatian,2,6,animal,0.25
dalmatian,2,6,mammal,0.25
dalmatian,2,6,dog,0.25
dalmatian,2,6,dalmatian,0.25
poodle,2,6,animal,0.25
poodle,2,6,mammal,0.25
poodle,2,6,dog,0.25
poodle,2,6,dalmatian,0.25
siamese cat,2,6,animal,0.25
siamese cat,2,6,mammal,0.25
siamese cat,2,6,dog,0.25
siamese cat,2,6,dalmatian,0.25
goldfish,2,6,animal,0.25
goldfish,2,6,mammal,0.25
goldfish,2,6,dog,0.25
goldfish,2,6,dalmatian,0.25
dalmatian,2,6.5,animal,0.25
dalmatian,2,6.5,mammal,0.25
dalmatian,2,6.5,dog,0.25
dalmatian,2,6.5,dalmatian,0.25
poodle,2,6.5,animal,0.25
poodle,2,6.5,mammal,0.25
poodle,2,6.5,dog,0.25
poodle,2,6.5,dalmatian,0.25
siamese cat,2,6.5,animal,0.25
siamese cat,2,6.5,mammal,0.25
siamese cat,2,6.5,dog,0.25
siamese cat,2,6.5,dalmatian,0.25
goldfish,2,6.5,animal,0.25
goldfish,2,6.5,mammal,0.25
goldfish,2,6.5,dog,0.25
goldfish,2,6.5,dalmatian,0.25
dalmatian,2,7,animal,0.25
dalmatian,2,7,mammal,0.25
dalmatian,2,7,dog,0.25
dalmatian,2,7,dalmatian,0.25
poodle,2,7,animal,0.25
poodle,2,7,mammal,0.25
poodle,2,7,dog,0.25
poodle,2,7,dalmatian,0.25
siamese cat,2,7,animal,0.25
siamese cat,2,7,mammal,0.25
siamese cat,2,7,dog,0.25
siamese cat,2,7,dalmatian,0.25
goldfish,2,7,animal,0.25
goldfish,2,7,mammal,0.25
goldfish,2,7,dog,0.25
goldfish,2,7,dalmatian,0.25
dalmatian,2,7.5,animal,0.25
dalmatian,2,7.5,mammal,0.25
dalmatian,2,7.5,dog,0.25
dalmatian,2,7.5,dalmatian,0.25
poodle,2,7.5,animal,0.25
poodle,2,7.5,mammal,0.25
poodle,2,7.5,dog,0.25
poodle,2,7.5,dalmatian,0.25
siamese cat,2,7.5,animal,0.25
siamese cat,2,7.5,mammal,0.25
siamese cat,2,7.5,dog,0.25
siamese cat,2,7.5,dalmatian,0.25
goldfish,2,7.5,animal,0.25
goldfish,2,7.5,mammal,0.25
goldfish,2,7.5,dog,0.25
goldfish,2,7.5,dalmatian,0.25
dalmatian,2.5,1,animal,0.25
dalmatian,2.5,1,mammal,0.25
dalmatian,2.5,1,dog,0.25
dalmatian,2.5,1,dalmatian,0.25
poodle,2.5,1,animal,0.25
poodle,2.5,1,mammal,0.25
poodle,2.5,1,dog,0.25
poodle,2.5,1,dalmatian,0.25
siamese cat,2.5,1,animal,0.25
siamese cat,2.5,1,mammal,0.25
siamese cat,2.5,1,dog,0.25
siamese cat,2.5,1,dalmatian,0.25
goldfish,2.5,1,animal,0.25
goldfish,2.5,1,mammal,0.25
goldfish,2.5,1,dog,0.25
goldfish,2.5,1,dalmatian,0.25
dalmatian,2.5,1.5,animal,0.25
dalmatian,2.5,1.5,mammal,0.25
dalmatian,2.5,1.5,dog,0.25
dalmatian,2.5,1.5,dalmatian,0.25
poodle,2.5,1.5,animal,0.25
poodle,2.5,1.5,mammal,0.25
poodle,2.5,1.5,dog,0.25
poodle,2.5,1.5,dalmatian,0.25
siamese cat,2.5,1.5,animal,0.25
siamese cat,2.5,1.5,mammal,0.25
siamese cat,2.5,1.5,dog,0.25
siamese cat,2.5,1.5,dalmatian,0.25
goldfish,2.5,1.5,animal,0.25
goldfish,2.5,1.5,mammal,0.25
goldfish,2.5,1.5,dog,0.25
goldfish,2.5,1.5,dalmatian,0.25
dalmatian,2.5,2,animal,0.25
dalmatian,2.5,2,mammal,0.25
dalmatian,2.5,2,dog,0.25
dalmatian,2.5,2,dalmatian,0.25
poodle,2.5,2,animal,0.25
poodle,2.5,2,mammal,0.25
poodle,2.5,2,dog,0.25
poodle,2.5,2,dalmatian,0.25
siamese cat,2.5,2,animal,0.25
siamese cat,2.5,2,mammal,0.25
siamese cat,2.5,2,dog,0.25
siamese cat,2.5,2,dalmatian,0.25
goldfish,2.5,2,animal,0.25
goldfish,2.5,2,mammal,0.25
goldfish,2.5,2,dog,0.25
goldfish,2.5,2,dalmatian,0.25
dalmatian,2.5,2.5,animal,0.25
dalmatian,2.5,2.5,mammal,0.25
dalmatian,2.5,2.5,dog,0.25
dalmatian,2.5,2.5,dalmatian,0.25
poodle,2.5,2.5,animal,0.25
poodle,2.5,2.5,mammal,0.25
poodle,2.5,2.5,dog,0.25
poodle,2.5,2.5,dalmatian,0.25
siamese cat,2.5,2.5,animal,0.25
siamese cat,2.5,2.5,mammal,0.25
siamese cat,2.5,2.5,dog,0.25
siamese cat,2.5,2.5,dalmatian,0.25
goldfish,2.5,2.5,animal,0.25
goldfish,2.5,2.5,mammal,0.25
goldfish,2.5,2.5,dog,0.25
goldfish,2.5,2.5,dalmatian,0.25
dalmatian,2.5,3,animal,0.25
dalmatian,2.5,3,mammal,0.25
dalmatian,2.5,3,dog,0.25
dalmatian,2.5,3,dalmatian,0.25
poodle,2.5,3,animal,0.25
poodle,2.5,3,mammal,0.25
poodle,2.5,3,dog,0.25
poodle,2.5,3,dalmatian,0.25
siamese cat,2.5,3,animal,0.25
siamese cat,2.5,3,mammal,0.25
siamese cat,2.5,3,dog,0.25
siamese cat,2.5,3,dalmatian,0.25
goldfish,2.5,3,animal,0.25
goldfish,2.5,3,mammal,0.25
goldfish,2.5,3,dog,0.25
goldfish,2.5,3,dalmatian,0.25
dalmatian,2.5,3.5,animal,0.25
dalmatian,2.5,3.5,mammal,0.25
dalmatian,2.5,3.5,dog,0.25
dalmatian,2.5,3.5,dalmatian,0.25
poodle,2.5,3.5,animal,0.25
poodle,2.5,3.5,mammal,0.25
poodle,2.5,3.5,dog,0.25
poodle,2.5,3.5,dalmatian,0.25
siamese cat,2.5,3.5,animal,0.25
siamese cat,2.5,3.5,mammal,0.25
siamese cat,2.5,3.5,dog,0.25
siamese cat,2.5,3.5,dalmatian,0.25
goldfish,2.5,3.5,animal,0.25
goldfish,2.5,3.5,mammal,0.25
goldfish,2.5,3.5,dog,0.25
goldfish,2.5,3.5,dalmatian,0.25
dalmatian,2.5,4,animal,0.25
dalmatian,2.5,4,mammal,0.25
dalmatian,2.5,4,dog,0.25
dalmatian,2.5,4,dalmatian,0.25
poodle,2.5,4,animal,0.25
poodle,2.5,4,mammal,0.25
poodle,2.5,4,dog,0.25
poodle,2.5,4,dalmatian,0.25
siamese cat,2.5,4,animal,0.25
siamese cat,2.5,4,mammal,0.25
siamese cat,2.5,4,dog,0.25
siamese cat,2.5,4,dalmatian,0.25
goldfish,2.5,4,animal,0.25
goldfish,2.5,4,mammal,0.25
goldfish,2.5,4,dog,0.25
goldfish,2.5,4,dalmatian,0.25
dalmatian,2.5,4.5,animal,0.25
dalmatian,2.5,4.5,mammal,0.25
dalmatian,2.5,4.5,dog,0.25
dalmatian,2.5,4.5,dalmatian,0.25
poodle,2.5,4.5,animal,0.25
poodle,2.5,4.5,mammal,0.25
poodle,2.5,4.5,dog,0.25
poodle,2.5,4.5,dalmatian,0.25
siamese cat,2.5,4.5,animal,0.25
siamese cat,2.5,4.5,mammal,0.25
siamese cat,2.5,4.5,dog,0.25
siamese cat,2.5,4.5,dalmatian,0.25
goldfish,2.5,4.5,animal,0.25
goldfish,2.5,4.5,mammal,0.25
goldfish,2.5,4.5,dog,0.25
goldfish,2.5,4.5,dalmatian,0.25
dalmatian,2.5,5,animal,0.25
dalmatian,2.5,5,mammal,0.25
dalmatian,2.5,5,dog,0.25
dalmatian,2.5,5,dalmatian,0.25
poodle,2.5,5,animal,0.25
poodle,2.5,5,mammal,0.25
poodle,2.5,5,dog,0.25
poodle,2.5,5,dalmatian,0.25
siamese cat,2.5,5,animal,0.25
siamese cat,2.5,5,mammal,0.25
siamese cat,2.5,5,dog,0.25
siamese cat,2.5,5,dalmatian,0.25
goldfish,2.5,5,animal,0.25
goldfish,2.5,5,mammal,0.25
goldfish,2.5,5,dog,0.25
goldfish,2.5,5,dalmatian,0.25
dalmatian,2.5,5.5,animal,0.25
dalmatian,2.5,5.5,mammal,0.25
dalmatian,2.5,5.5,dog,0.25
dalmatian,2.5,5.5,dalmatian,0.25
poodle,2.5,5.5,animal,0.25
poodle,2.5,5.5,mammal,0.25
poodle,2.5,5.5,dog,0.25
poodle,2.5,5.5,dalmatian,0.25
siamese cat,2.5,5.5,animal,0.25
siamese cat,2.5,5.5,mammal,0.25
siamese cat,2.5,5.5,dog,0.25
siamese cat,2.5,5.5,dalmatian,0.25
goldfish,2.5,5.5,animal,0.25
goldfish,2.5,5.5,mammal,0.25
goldfish,2.5,5.5,dog,0.25
goldfish,2.5,5.5,dalmatian,0.25
dalmatian,2.5,6,animal,0.25
dalmatian,2.5,6,mammal,0.25
dalmatian,2.5,6,dog,0.25
dalmatian,2.5,6,dalmatian,0.25
poodle,2.5,6,animal,0.25
poodle,2.5,6,mammal,0.25
poodle,2.5,6,dog,0.25
poodle,2.5,6,dalmatian,0.25
siamese cat,2.5,6,animal,0.25
siamese cat,2.5,6,mammal,0.25
siamese cat,2.5,6,dog,0.25
siamese cat,2.5,6,dalmatian,0.25
goldfish,2.5,6,animal,0.25
goldfish,2.5,6,mammal,0.25
goldfish,2.5,6,dog,0.25
goldfish,2.5,6,dalmatian,0.25
dalmatian,2.5,6.5,animal,0.25
dalmatian,2.5,6.5,mammal,0.25
dalmatian,2.5,6.5,dog,0.25
dalmatian,2.5,6.5,dalmatian,0.25
poodle,2.5,6.5,animal,0.25
poodle,2.5,6.5,mammal,0.25
poodle,2.5,6.5,dog,0.25
poodle,2.5,6.5,dalmatian,0.25
siamese cat,2.5,6.5,animal,0.25
siamese cat,2.5,6.5,mammal,0.25
siamese cat,2.5,6.5,dog,0.25
siamese cat,2.5,6.5,dalmatian,0.25
goldfish,2.5,6.5,animal,0.25
goldfish,2.5,6.5,mammal,0.25
goldfish,2.5,6.5,dog,0.25
goldfish,2.5,6.5,dalmatian,0.25
dalmatian,2.5,7,animal,0.25
dalmatian,2.5,7,mammal,0.25
dalmatian,2.5,7,dog,0.25
dalmatian,2.5,7,dalmatian,0.25
poodle,2.5,7,animal,0.25
poodle,2.5,7,mammal,0.25
poodle,2.5,7,dog,0.25
poodle,2.5,7,dalmatian,0.25
siamese cat,2.5,7,animal,0.25
siamese cat,2.5,7,mammal,0.25
siamese cat,2.5,7,dog,0.25
siamese cat,2.5,7,dalmatian,0.25
goldfish,2.5,7,animal,0.25
goldfish,2.5,7,mammal,0.25
goldfish,2.5,7,dog,0.25
goldfish,2.5,7,dalmatian,0.25
dalmatian,2.5,7.5,animal,0.25
dalmatian,2.5,7.5,mammal,0.25
dalmatian,2.5,7.5,dog,0.25
dalmatian,2.5,7.5,dalmatian,0.25
poodle,2.5,7.5,animal,0.25
poodle,2.5,7.5,mammal,0.25
poodle,2.5,7.5,dog,0.25
poodle,2.5,7.5,dalmatian,0.25
siamese cat,2.5,7.5,animal,0.25
siamese cat,2.5,7.5,mammal,0.25
siamese cat,2.5,7.5,dog,0.25
siamese cat,2.5,7.5,dalmatian,0.25
goldfish,2.5,7.5,animal,0.25
goldfish,2.5,7.5,mammal,0.25
goldfish,2.5,7.5,dog,0.25
goldfish,2.5,7.5,dalmatian,0.25
dalmatian,3,1,animal,0.25
dalmatian,3,1,mammal,0.25
dalmatian,3,1,dog,0.25
dalmatian,3,1,dalmatian,0.25
poodle,3,1,animal,0.25
poodle,3,1,mammal,0.25
poodle,3,1,dog,0.25
poodle,3,1,dalmatian,0.25
siamese cat,3,1,animal,0.25
siamese cat,3,1,mammal,0.25
siamese cat,3,1,dog,0.25
siamese cat,3,1,dalmatian,0.25
goldfish,3,1,animal,0.25
goldfish,3,1,mammal,0.25
goldfish,3,1,dog,0.25
goldfish,3,1,dalmatian,0.25
dalmatian,3,1.5,animal,0.25
dalmatian,3,1.5,mammal,0.25
dalmatian,3,1.5,dog,0.25
dalmatian,3,1.5,dalmatian,0.25
poodle,3,1.5,animal,0.25
poodle,3,1.5,mammal,0.25
poodle,3,1.5,dog,0.25
poodle,3,1.5,dalmatian,0.25
siamese cat,3,1.5,animal,0.25
siamese cat,3,1.5,mammal,0.25
siamese cat,3,1.5,dog,0.25
siamese cat,3,1.5,dalmatian,0.25
goldfish,3,1.5,animal,0.25
goldfish,3,1.5,mammal,0.25
goldfish,3,1.5,dog,0.25
goldfish,3,1.5,dalmatian,0.25
dalmatian,3,2,animal,0.25
dalmatian,3,2,mammal,0.25
dalmatian,3,2,dog,0.25
dalmatian,3,2,dalmatian,0.25
poodle,3,2,animal,0.25
poodle,3,2,mammal,0.25
poodle,3,2,dog,0.25
poodle,3,2,dalmatian,0.25
siamese cat,3,2,animal,0.25
siamese cat,3,2,mammal,0.25
siamese cat,3,2,dog,0.25
siamese cat,3,2,dalmatian,0.25
goldfish,3,2,animal,0.25
goldfish,3,2,mammal,0.25
goldfish,3,2,dog,0.25
goldfish,3,2,dalmatian,0.25
dalmatian,3,2.5,animal,0.25
dalmatian,3,2.5,mammal,0.25
dalmatian,3,2.5,dog,0.25
dalmatian,3,2.5,dalmatian,0.25
poodle,3,2.5,animal,0.25
poodle,3,2.5,mammal,0.25
poodle,3,2.5,dog,0.25
poodle,3,2.5,dalmatian,0.25
siamese cat,3,2.5,animal,0.25
siamese cat,3,2.5,mammal,0.25
siamese cat,3,2.5,dog,0.25
siamese cat,3,2.5,dalmatian,0.25
goldfish,3,2.5,animal,0.25
goldfish,3,2.5,mammal,0.25
goldfish,3,2.5,dog,0.25
goldfish,3,2.5,dalmatian,0.25
dalmatian,3,3,animal,0.25
dalmatian,3,3,mammal,0.25
dalmatian,3,3,dog,0.25
dalmatian,3,3,dalmatian,0.25
poodle,3,3,animal,0.25
poodle,3,3,mammal,0.25
poodle,3,3,dog,0.25
poodle,3,3,dalmatian,0.25
siamese cat,3,3,animal,0.25
siamese cat,3,3,mammal,0.25
siamese cat,3,3,dog,0.25
siamese cat,3,3,dalmatian,0.25
goldfish,3,3,animal,0.25
goldfish,3,3,mammal,0.25
goldfish,3,3,dog,0.25
goldfish,3,3,dalmatian,0.25
dalmatian,3,3.5,animal,0.25
dalmatian,3,3.5,mammal,0.25
dalmatian,3,3.5,dog,0.25
dalmatian,3,3.5,dalmatian,0.25
poodle,3,3.5,animal,0.25
poodle,3,3.5,mammal,0.25
poodle,3,3.5,dog,0.25
poodle,3,3.5,dalmatian,0.25
siamese cat,3,3.5,animal,0.25
siamese cat,3,3.5,mammal,0.25
siamese cat,3,3.5,dog,0.25
siamese cat,3,3.5,dalmatian,0.25
goldfish,3,3.5,animal,0.25
goldfish,3,3.5,mammal,0.25
goldfish,3,3.5,dog,0.25
goldfish,3,3.5,dalmatian,0.25
dalmatian,3,4,animal,0.25
dalmatian,3,4,mammal,0.25
dalmatian,3,4,dog,0.25
dalmatian,3,4,dalmatian,0.25
poodle,3,4,animal,0.25
poodle,3,4,mammal,0.25
poodle,3,4,dog,0.25
poodle,3,4,dalmatian,0.25
siamese cat,3,4,animal,0.25
siamese cat,3,4,mammal,0.25
siamese cat,3,4,dog,0.25
siamese cat,3,4,dalmatian,0.25
goldfish,3,4,animal,0.25
goldfish,3,4,mammal,0.25
goldfish,3,4,dog,0.25
goldfish,3,4,dalmatian,0.25
dalmatian,3,4.5,animal,0.25
dalmatian,3,4.5,mammal,0.25
dalmatian,3,4.5,dog,0.25
dalmatian,3,4.5,dalmatian,0.25
poodle,3,4.5,animal,0.25
poodle,3,4.5,mammal,0.25
poodle,3,4.5,dog,0.25
poodle,3,4.5,dalmatian,0.25
siamese cat,3,4.5,animal,0.25
siamese cat,3,4.5,mammal,0.25
siamese cat,3,4.5,dog,0.25
siamese cat,3,4.5,dalmatian,0.25
goldfish,3,4.5,animal,0.25
goldfish,3,4.5,mammal,0.25
goldfish,3,4.5,dog,0.25
goldfish,3,4.5,dalmatian,0.25
dalmatian,3,5,animal,0.25
dalmatian,3,5,mammal,0.25
dalmatian,3,5,dog,0.25
dalmatian,3,5,dalmatian,0.25
poodle,3,5,animal,0.25
poodle,3,5,mammal,0.25
poodle,3,5,dog,0.25
poodle,3,5,dalmatian,0.25
siamese cat,3,5,animal,0.25
siamese cat,3,5,mammal,0.25
siamese cat,3,5,dog,0.25
siamese cat,3,5,dalmatian,0.25
goldfish,3,5,animal,0.25
goldfish,3,5,mammal,0.25
goldfish,3,5,dog,0.25
goldfish,3,5,dalmatian,0.25
dalmatian,3,5.5,animal,0.25
dalmatian,3,5.5,mammal,0.25
dalmatian,3,5.5,dog,0.25
dalmatian,3,5.5,dalmatian,0.25
poodle,3,5.5,animal,0.25
poodle,3,5.5,mammal,0.25
poodle,3,5.5,dog,0.25
poodle,3,5.5,dalmatian,0.25
siamese cat,3,5.5,animal,0.25
siamese cat,3,5.5,mammal,0.25
siamese cat,3,5.5,dog,0.25
siamese cat,3,5.5,dalmatian,0.25
goldfish,3,5.5,animal,0.25
goldfish,3,5.5,mammal,0.25
goldfish,3,5.5,dog,0.25
goldfish,3,5.5,dalmatian,0.25
dalmatian,3,6,animal,0.25
dalmatian,3,6,mammal,0.25
dalmatian,3,6,dog,0.25
dalmatian,3,6,dalmatian,0.25
poodle,3,6,animal,0.25
poodle,3,6,mammal,0.25
poodle,3,6,dog,0.25
poodle,3,6,dalmatian,0.25
siamese cat,3,6,animal,0.25
siamese cat,3,6,mammal,0.25
siamese cat,3,6,dog,0.25
siamese cat,3,6,dalmatian,0.25
goldfish,3,6,animal,0.25
goldfish,3,6,mammal,0.25
goldfish,3,6,dog,0.25
goldfish,3,6,dalmatian,0.25
dalmatian,3,6.5,animal,0.25
dalmatian,3,6.5,mammal,0.25
dalmatian,3,6.5,dog,0.25
dalmatian,3,6.5,dalmatian,0.25
poodle,3,6.5,animal,0.25
poodle,3,6.5,mammal,0.25
poodle,3,6.5,dog,0.25
poodle,3,6.5,dalmatian,0.25
siamese cat,3,6.5,animal,0.25
siamese cat,3,6.5,mammal,0.25
siamese cat,3,6.5,dog,0.25
siamese cat,3,6.5,dalmatian,0.25
goldfish,3,6.5,animal,0.25
goldfish,3,6.5,mammal,0.25
goldfish,3,6.5,dog,0.25
goldfish,3,6.5,dalmatian,0.25
dalmatian,3,7,animal,0.25
dalmatian,3,7,mammal,0.25
dalmatian,3,7,dog,0.25
dalmatian,3,7,dalmatian,0.25
poodle,3,7,animal,0.25
poodle,3,7,mammal,0.25
poodle,3,7,dog,0.25
poodle,3,7,dalmatian,0.25
siamese cat,3,7,animal,0.25
siamese cat,3,7,mammal,0.25
siamese cat,3,7,dog,0.25
siamese cat,3,7,dalmatian,0.25
goldfish,3,7,animal,0.25
goldfish,3,7,mammal,0.25
goldfish,3,7,dog,0.25
goldfish,3,7,dalmatian,0.25
dalmatian,3,7.5,animal,0.25
dalmatian,3,7.5,mammal,0.25
dalmatian,3,7.5,dog,0.25
dalmatian,3,7.5,dalmatian,0.25
poodle,3,7.5,animal,0.25
poodle,3,7.5,mammal,0.25
poodle,3,7.5,dog,0.25
poodle,3,7.5,dalmatian,0.25
siamese cat,3,7.5,animal,0.25
siamese cat,3,7.5,mammal,0.25
siamese cat,3,7.5,dog,0.25
siamese cat,3,7.5,dalmatian,0.25
goldfish,3,7.5,animal,0.25
goldfish,3,7.5,mammal,0.25
goldfish,3,7.5,dog,0.25
goldfish,3,7.5,dalmatian,0.25
dalmatian,3.5,1,animal,0.25
dalmatian,3.5,1,mammal,0.25
dalmatian,3.5,1,dog,0.25
dalmatian,3.5,1,dalmatian,0.25
poodle,3.5,1,animal,0.25
poodle,3.5,1,mammal,0.25
poodle,3.5,1,dog,0.25
poodle,3.5,1,dalmatian,0.25
siamese cat,3.5,1,animal,0.25
siamese cat,3.5,1,mammal,0.25
siamese cat,3.5,1,dog,0.25
siamese cat,3.5,1,dalmatian,0.25
goldfish,3.5,1,animal,0.25
goldfish,3.5,1,mammal,0.25
goldfish,3.5,1,dog,0.25
goldfish,3.5,1,dalmatian,0.25
dalmatian,3.5,1.5,animal,0.25
dalmatian,3.5,1.5,mammal,0.25
dalmatian,3.5,1.5,dog,0.25
dalmatian,3.5,1.5,dalmatian,0.25
poodle,3.5,1.5,animal,0.25
poodle,3.5,1.5,mammal,0.25
poodle,3.5,1.5,dog,0.25
poodle,3.5,1.5,dalmatian,0.25
siamese cat,3.5,1.5,animal,0.25
siamese cat,3.5,1.5,mammal,0.25
siamese cat,3.5,1.5,dog,0.25
siamese cat,3.5,1.5,dalmatian,0.25
goldfish,3.5,1.5,animal,0.25
goldfish,3.5,1.5,mammal,0.25
goldfish,3.5,1.5,dog,0.25
goldfish,3.5,1.5,dalmatian,0.25
dalmatian,3.5,2,animal,0.25
dalmatian,3.5,2,mammal,0.25
dalmatian,3.5,2,dog,0.25
dalmatian,3.5,2,dalmatian,0.25
poodle,3.5,2,animal,0.25
poodle,3.5,2,mammal,0.25
poodle,3.5,2,dog,0.25
poodle,3.5,2,dalmatian,0.25
siamese cat,3.5,2,animal,0.25
siamese cat,3.5,2,mammal,0.25
siamese cat,3.5,2,dog,0.25
siamese cat,3.5,2,dalmatian,0.25
goldfish,3.5,2,animal,0.25
goldfish,3.5,2,mammal,0.25
goldfish,3.5,2,dog,0.25
goldfish,3.5,2,dalmatian,0.25
dalmatian,3.5,2.5,animal,0.25
dalmatian,3.5,2.5,mammal,0.25
dalmatian,3.5,2.5,dog,0.25
dalmatian,3.5,2.5,dalmatian,0.25
poodle,3.5,2.5,animal,0.25
poodle,3.5,2.5,mammal,0.25
poodle,3.5,2.5,dog,0.25
poodle,3.5,2.5,dalmatian,0.25
siamese cat,3.5,2.5,animal,0.25
siamese cat,3.5,2.5,mammal,0.25
siamese cat,3.5,2.5,dog,0.25
siamese cat,3.5,2.5,dalmatian,0.25
goldfish,3.5,2.5,animal,0.25
goldfish,3.5,2.5,mammal,0.25
goldfish,3.5,2.5,dog,0.25
goldfish,3.5,2.5,dalmatian,0.25
dalmatian,3.5,3,animal,0.25
dalmatian,3.5,3,mammal,0.25
dalmatian,3.5,3,dog,0.25
dalmatian,3.5,3,dalmatian,0.25
poodle,3.5,3,animal,0.25
poodle,3.5,3,mammal,0.25
poodle,3.5,3,dog,0.25
poodle,3.5,3,dalmatian,0.25
siamese cat,3.5,3,animal,0.25
siamese cat,3.5,3,mammal,0.25
siamese cat,3.5,3,dog,0.25
siamese cat,3.5,3,dalmatian,0.25
goldfish,3.5,3,animal,0.25
goldfish,3.5,3,mammal,0.25
goldfish,3.5,3,dog,0.25
goldfish,3.5,3,dalmatian,0.25
dalmatian,3.5,3.5,animal,0.25
dalmatian,3.5,3.5,mammal,0.25
dalmatian,3.5,3.5,dog,0.25
dalmatian,3.5,3.5,dalmatian,0.25
poodle,3.5,3.5,animal,0.25
poodle,3.5,3.5,mammal,0.25
poodle,3.5,3.5,dog,0.25
poodle,3.5,3.5,dalmatian,0.25
siamese cat,3.5,3.5,animal,0.25
siamese cat,3.5,3.5,mammal,0.25
siamese cat,3.5,3.5,dog,0.25
siamese cat,3.5,3.5,dalmatian,0.25
goldfish,3.5,3.5,animal,0.25
goldfish,3.5,3.5,mammal,0.25
goldfish,3.5,3.5,dog,0.25
goldfish,3.5,3.5,dalmatian,0.25
dalmatian,3.5,4,animal,0.25
dalmatian,3.5,4,mammal,0.25
dalmatian,3.5,4,dog,0.25
dalmatian,3.5,4,dalmatian,0.25
poodle,3.5,4,animal,0.25
poodle,3.5,4,mammal,0.25
poodle,3.5,4,dog,0.25
poodle,3.5,4,dalmatian,0.25
siamese cat,3.5,4,animal,0.25
siamese cat,3.5,4,mammal,0.25
siamese cat,3.5,4,dog,0.25
siamese cat,3.5,4,dalmatian,0.25
goldfish,3.5,4,animal,0.25
goldfish,3.5,4,mammal,0.25
goldfish,3.5,4,dog,0.25
goldfish,3.5,4,dalmatian,0.25
dalmatian,3.5,4.5,animal,0.25
dalmatian,3.5,4.5,mammal,0.25
dalmatian,3.5,4.5,dog,0.25
dalmatian,3.5,4.5,dalmatian,0.25
poodle,3.5,4.5,animal,0.25
poodle,3.5,4.5,mammal,0.25
poodle,3.5,4.5,dog,0.25
poodle,3.5,4.5,dalmatian,0.25
siamese cat,3.5,4.5,animal,0.25
siamese cat,3.5,4.5,mammal,0.25
siamese cat,3.5,4.5,dog,0.25
siamese cat,3.5,4.5,dalmatian,0.25
goldfish,3.5,4.5,animal,0.25
goldfish,3.5,4.5,mammal,0.25
goldfish,3.5,4.5,dog,0.25
goldfish,3.5,4.5,dalmatian,0.25
dalmatian,3.5,5,animal,0.25
dalmatian,3.5,5,mammal,0.25
dalmatian,3.5,5,dog,0.25
dalmatian,3.5,5,dalmatian,0.25
poodle,3.5,5,animal,0.25
poodle,3.5,5,mammal,0.25
poodle,3.5,5,dog,0.25
poodle,3.5,5,dalmatian,0.25
siamese cat,3.5,5,animal,0.25
siamese cat,3.5,5,mammal,0.25
siamese cat,3.5,5,dog,0.25
siamese cat,3.5,5,dalmatian,0.25
goldfish,3.5,5,animal,0.25
goldfish,3.5,5,mammal,0.25
goldfish,3.5,5,dog,0.25
goldfish,3.5,5,dalmatian,0.25
dalmatian,3.5,5.5,animal,0.25
dalmatian,3.5,5.5,mammal,0.25
dalmatian,3.5,5.5,dog,0.25
dalmatian,3.5,5.5,dalmatian,0.25
poodle,3.5,5.5,animal,0.25
poodle,3.5,5.5,mammal,0.25
poodle,3.5,5.5,dog,0.25
poodle,3.5,5.5,dalmatian,0.25
siamese cat,3.5,5.5,animal,0.25
siamese cat,3.5,5.5,mammal,0.25
siamese cat,3.5,5.5,dog,0.25
siamese cat,3.5,5.5,dalmatian,0.25
goldfish,3.5,5.5,animal,0.25
goldfish,3.5,5.5,mammal,0.25
goldfish,3.5,5.5,dog,0.25
goldfish,3.5,5.5,dalmatian,0.25
dalmatian,3.5,6,animal,0.25
dalmatian,3.5,6,mammal,0.25
dalmatian,3.5,6,dog,0.25
dalmatian,3.5,6,dalmatian,0.25
poodle,3.5,6,animal,0.25
poodle,3.5,6,mammal,0.25
poodle,3.5,6,dog,0.25
poodle,3.5,6,dalmatian,0.25
siamese cat,3.5,6,animal,0.25
siamese cat,3.5,6,mammal,0.25
siamese cat,3.5,6,dog,0.25
siamese cat,3.5,6,dalmatian,0.25
goldfish,3.5,6,animal,0.25
goldfish,3.5,6,mammal,0.25
goldfish,3.5,6,dog,0.25
goldfish,3.5,6,dalmatian,0.25
dalmatian,3.5,6.5,animal,0.25
dalmatian,3.5,6.5,mammal,0.25
dalmatian,3.5,6.5,dog,0.25
dalmatian,3.5,6.5,dalmatian,0.25
poodle,3.5,6.5,animal,0.25
poodle,3.5,6.5,mammal,0.25
poodle,3.5,6.5,dog,0.25
poodle,3.5,6.5,dalmatian,0.25
siamese cat,3.5,6.5,animal,0.25
siamese cat,3.5,6.5,mammal,0.25
siamese cat,3.5,6.5,dog,0.25
siamese cat,3.5,6.5,dalmatian,0.25
goldfish,3.5,6.5,animal,0.25
goldfish,3.5,6.5,mammal,0.25
goldfish,3.5,6.5,dog,0.25
goldfish,3.5,6.5,dalmatian,0.25
dalmatian,3.5,7,animal,0.25
dalmatian,3.5,7,mammal,0.25
dalmatian,3.5,7,dog,0.25
dalmatian,3.5,7,dalmatian,0.25
poodle,3.5,7,animal,0.25
poodle,3.5,7,mammal,0.25
poodle,3.5,7,dog,0.25
poodle,3.5,7,dalmatian,0.25
siamese cat,3.5,7,animal,0.25
siamese cat,3.5,7,mammal,0.25
siamese cat,3.5,7,dog,0.25
siamese cat,3.5,7,dalmatian,0.25
goldfish,3.5,7,animal,0.25
goldfish,3.5,7,mammal,0.25
goldfish,3.5,7,dog,0.25
goldfish,3.5,7,dalmatian,0.25
dalmatian,3.5,7.5,animal,0.25
dalmatian,3.5,7.5,mammal,0.25
dalmatian,3.5,7.5,dog,0.25
dalmatian,3.5,7.5,dalmatian,0.25
poodle,3.5,7.5,animal,0.25
poodle,3.5,7.5,mammal,0.25
poodle,3.5,7.5,dog,0.25
poodle,3.5,7.5,dalmatian,0.25
siamese cat,3.5,7.5,animal,0.25
siamese cat,3.5,7.5,mammal,0.25
siamese cat,3.5,7.5,dog,0.25
siamese cat,3.5,7.5,dalmatian,0.25
goldfish,3.5,7.5,animal,0.25
goldfish,3.5,7.5,mammal,0.25
goldfish,3.5,7.5,dog,0.25
goldfish,3.5,7.5,dalmatian,0.25
dalmatian,4,1,animal,0.25
dalmatian,4,1,mammal,0.25
dalmatian,4,1,dog,0.25
dalmatian,4,1,dalmatian,0.25
poodle,4,1,animal,0.25
poodle,4,1,mammal,0.25
poodle,4,1,dog,0.25
poodle,4,1,dalmatian,0.25
siamese cat,4,1,animal,0.25
siamese cat,4,1,mammal,0.25
siamese cat,4,1,dog,0.25
siamese cat,4,1,dalmatian,0.25
goldfish,4,1,animal,0.25
goldfish,4,1,mammal,0.25
goldfish,4,1,dog,0.25
goldfish,4,1,dalmatian,0.25
dalmatian,4,1.5,animal,0.25
dalmatian,4,1.5,mammal,0.25
dalmatian,4,1.5,dog,0.25
dalmatian,4,1.5,dalmatian,0.25
poodle,4,1.5,animal,0.25
poodle,4,1.5,mammal,0.25
poodle,4,1.5,dog,0.25
poodle,4,1.5,dalmatian,0.25
siamese cat,4,1.5,animal,0.25
siamese cat,4,1.5,mammal,0.25
siamese cat,4,1.5,dog,0.25
siamese cat,4,1.5,dalmatian,0.25
goldfish,4,1.5,animal,0.25
goldfish,4,1.5,mammal,0.25
goldfish,4,1.5,dog,0.25
goldfish,4,1.5,dalmatian,0.25
dalmatian,4,2,animal,0.25
dalmatian,4,2,mammal,0.25
dalmatian,4,2,dog,0.25
dalmatian,4,2,dalmatian,0.25
poodle,4,2,animal,0.25
poodle,4,2,mammal,0.25
poodle,4,2,dog,0.25
poodle,4,2,dalmatian,0.25
siamese cat,4,2,animal,0.25
siamese cat,4,2,mammal,0.25
siamese cat,4,2,dog,0.25
siamese cat,4,2,dalmatian,0.25
goldfish,4,2,animal,0.25
goldfish,4,2,mammal,0.25
goldfish,4,2,dog,0.25
goldfish,4,2,dalmatian,0.25
dalmatian,4,2.5,animal,0.25
dalmatian,4,2.5,mammal,0.25
dalmatian,4,2.5,dog,0.25
dalmatian,4,2.5,dalmatian,0.25
poodle,4,2.5,animal,0.25
poodle,4,2.5,mammal,0.25
poodle,4,2.5,dog,0.25
poodle,4,2.5,dalmatian,0.25
siamese cat,4,2.5,animal,0.25
siamese cat,4,2.5,mammal,0.25
siamese cat,4,2.5,dog,0.25
siamese cat,4,2.5,dalmatian,0.25
goldfish,4,2.5,animal,0.25
goldfish,4,2.5,mammal,0.25
goldfish,4,2.5,dog,0.25
goldfish,4,2.5,dalmatian,0.25
dalmatian,4,3,animal,0.25
dalmatian,4,3,mammal,0.25
dalmatian,4,3,dog,0.25
dalmatian,4,3,dalmatian,0.25
poodle,4,3,animal,0.25
poodle,4,3,mammal,0.25
poodle,4,3,dog,0.25
poodle,4,3,dalmatian,0.25
siamese cat,4,3,animal,0.25
siamese cat,4,3,mammal,0.25
siamese cat,4,3,dog,0.25
siamese cat,4,3,dalmatian,0.25
goldfish,4,3,animal,0.25
goldfish,4,3,mammal,0.25
goldfish,4,3,dog,0.25
goldfish,4,3,dalmatian,0.25
dalmatian,4,3.5,animal,0.25
dalmatian,4,3.5,mammal,0.25
dalmatian,4,3.5,dog,0.25
dalmatian,4,3.5,dalmatian,0.25
poodle,4,3.5,animal,0.25
poodle,4,3.5,mammal,0.25
poodle,4,3.5,dog,0.25
poodle,4,3.5,dalmatian,0.25
siamese cat,4,3.5,animal,0.25
siamese cat,4,3.5,mammal,0.25
siamese cat,4,3.5,dog,0.25
siamese cat,4,3.5,dalmatian,0.25
goldfish,4,3.5,animal,0.25
goldfish,4,3.5,mammal,0.25
goldfish,4,3.5,dog,0.25
goldfish,4,3.5,dalmatian,0.25
dalmatian,4,4,animal,0.25
dalmatian,4,4,mammal,0.25
dalmatian,4,4,dog,0.25
dalmatian,4,4,dalmatian,0.25
poodle,4,4,animal,0.25
poodle,4,4,mammal,0.25
poodle,4,4,dog,0.25
poodle,4,4,dalmatian,0.25
siamese cat,4,4,animal,0.25
siamese cat,4,4,mammal,0.25
siamese cat,4,4,dog,0.25
siamese cat,4,4,dalmatian,0.25
goldfish,4,4,animal,0.25
goldfish,4,4,mammal,0.25
goldfish,4,4,dog,0.25
goldfish,4,4,dalmatian,0.25
dalmatian,4,4.5,animal,0.25
dalmatian,4,4.5,mammal,0.25
dalmatian,4,4.5,dog,0.25
dalmatian,4,4.5,dalmatian,0.25
poodle,4,4.5,animal,0.25
poodle,4,4.5,mammal,0.25
poodle,4,4.5,dog,0.25
poodle,4,4.5,dalmatian,0.25
siamese cat,4,4.5,animal,0.25
siamese cat,4,4.5,mammal,0.25
siamese cat,4,4.5,dog,0.25
siamese cat,4,4.5,dalmatian,0.25
goldfish,4,4.5,animal,0.25
goldfish,4,4.5,mammal,0.25
goldfish,4,4.5,dog,0.25
goldfish,4,4.5,dalmatian,0.25
dalmatian,4,5,animal,0.25
dalmatian,4,5,mammal,0.25
dalmatian,4,5,dog,0.25
dalmatian,4,5,dalmatian,0.25
poodle,4,5,animal,0.25
poodle,4,5,mammal,0.25
poodle,4,5,dog,0.25
poodle,4,5,dalmatian,0.25
siamese cat,4,5,animal,0.25
siamese cat,4,5,mammal,0.25
siamese cat,4,5,dog,0.25
siamese cat,4,5,dalmatian,0.25
goldfish,4,5,animal,0.25
goldfish,4,5,mammal,0.25
goldfish,4,5,dog,0.25
goldfish,4,5,dalmatian,0.25
dalmatian,4,5.5,animal,0.25
dalmatian,4,5.5,mammal,0.25
dalmatian,4,5.5,dog,0.25
dalmatian,4,5.5,dalmatian,0.25
poodle,4,5.5,animal,0.25
poodle,4,5.5,mammal,0.25
poodle,4,5.5,dog,0.25
poodle,4,5.5,dalmatian,0.25
siamese cat,4,5.5,animal,0.25
siamese cat,4,5.5,mammal,0.25
siamese cat,4,5.5,dog,0.25
siamese cat,4,5.5,dalmatian,0.25
goldfish,4,5.5,animal,0.25
goldfish,4,5.5,mammal,0.25
goldfish,4,5.5,dog,0.25
goldfish,4,5.5,dalmatian,0.25
dalmatian,4,6,animal,0.25
dalmatian,4,6,mammal,0.25
dalmatian,4,6,dog,0.25
dalmatian,4,6,dalmatian,0.25
poodle,4,6,animal,0.25
poodle,4,6,mammal,0.25
poodle,4,6,dog,0.25
poodle,4,6,dalmatian,0.25
siamese cat,4,6,animal,0.25
siamese cat,4,6,mammal,0.25
siamese cat,4,6,dog,0.25
siamese cat,4,6,dalmatian,0.25
goldfish,4,6,animal,0.25
goldfish,4,6,mammal,0.25
goldfish,4,6,dog,0.25
goldfish,4,6,dalmatian,0.25
dalmatian,4,6.5,animal,0.25
dalmatian,4,6.5,mammal,0.25
dalmatian,4,6.5,dog,0.25
dalmatian,4,6.5,dalmatian,0.25
poodle,4,6.5,animal,0.25
poodle,4,6.5,mammal,0.25
poodle,4,6.5,dog,0.25
poodle,4,6.5,dalmatian,0.25
siamese cat,4,6.5,animal,0.25
siamese cat,4,6.5,mammal,0.25
siamese cat,4,6.5,dog,0.25
siamese cat,4,6.5,dalmatian,0.25
goldfish,4,6.5,animal,0.25
goldfish,4,6.5,mammal,0.25
goldfish,4,6.5,dog,0.25
goldfish,4,6.5,dalmatian,0.25
dalmatian,4,7,animal,0.25
dalmatian,4,7,mammal,0.25
dalmatian,4,7,dog,0.25
dalmatian,4,7,dalmatian,0.25
poodle,4,7,animal,0.25
poodle,4,7,mammal,0.25
poodle,4,7,dog,0.25
poodle,4,7,dalmatian,0.25
siamese cat,4,7,animal,0.25
siamese cat,4,7,mammal,0.25
siamese cat,4,7,dog,0.25
siamese cat,4,7,dalmatian,0.25
goldfish,4,7,animal,0.25
goldfish,4,7,mammal,0.25
goldfish,4,7,dog,0.25
goldfish,4,7,dalmatian,0.25
dalmatian,4,7.5,animal,0.25
dalmatian,4,7.5,mammal,0.25
dalmatian,4,7.5,dog,0.25
dalmatian,4,7.5,dalmatian,0.25
poodle,4,7.5,animal,0.25
poodle,4,7.5,mammal,0.25
poodle,4,7.5,dog,0.25
poodle,4,7.5,dalmatian,0.25
siamese cat,4,7.5,animal,0.25
siamese cat,4,7.5,mammal,0.25
siamese cat,4,7.5,dog,0.25
siamese cat,4,7.5,dalmatian,0.25
goldfish,4,7.5,animal,0.25
goldfish,4,7.5,mammal,0.25
goldfish,4,7.5,dog,0.25
goldfish,4,7.5,dalmatian,0.25
dalmatian,4.5,1,animal,0.25
dalmatian,4.5,1,mammal,0.25
dalmatian,4.5,1,dog,0.25
dalmatian,4.5,1,dalmatian,0.25
poodle,4.5,1,animal,0.25
poodle,4.5,1,mammal,0.25
poodle,4.5,1,dog,0.25
poodle,4.5,1,dalmatian,0.25
siamese cat,4.5,1,animal,0.25
siamese cat,4.5,1,mammal,0.25
siamese cat,4.5,1,dog,0.25
siamese cat,4.5,1,dalmatian,0.25
goldfish,4.5,1,animal,0.25
goldfish,4.5,1,mammal,0.25
goldfish,4.5,1,dog,0.25
goldfish,4.5,1,dalmatian,0.25
dalmatian,4.5,1.5,animal,0.25
dalmatian,4.5,1.5,mammal,0.25
dalmatian,4.5,1.5,dog,0.25
dalmatian,4.5,1.5,dalmatian,0.25
poodle,4.5,1.5,animal,0.25
poodle,4.5,1.5,mammal,0.25
poodle,4.5,1.5,dog,0.25
poodle,4.5,1.5,dalmatian,0.25
siamese cat,4.5,1.5,animal,0.25
siamese cat,4.5,1.5,mammal,0.25
siamese cat,4.5,1.5,dog,0.25
siamese cat,4.5,1.5,dalmatian,0.25
goldfish,4.5,1.5,animal,0.25
goldfish,4.5,1.5,mammal,0.25
goldfish,4.5,1.5,dog,0.25
goldfish,4.5,1.5,dalmatian,0.25
dalmatian,4.5,2,animal,0.25
dalmatian,4.5,2,mammal,0.25
dalmatian,4.5,2,dog,0.25
dalmatian,4.5,2,dalmatian,0.25
poodle,4.5,2,animal,0.25
poodle,4.5,2,mammal,0.25
poodle,4.5,2,dog,0.25
poodle,4.5,2,dalmatian,0.25
siamese cat,4.5,2,animal,0.25
siamese cat,4.5,2,mammal,0.25
siamese cat,4.5,2,dog,0.25
siamese cat,4.5,2,dalmatian,0.25
goldfish,4.5,2,animal,0.25
goldfish,4.5,2,mammal,0.25
goldfish,4.5,2,dog,0.25
goldfish,4.5,2,dalmatian,0.25
dalmatian,4.5,2.5,animal,0.25
dalmatian,4.5,2.5,mammal,0.25
dalmatian,4.5,2.5,dog,0.25
dalmatian,4.5,2.5,dalmatian,0.25
poodle,4.5,2.5,animal,0.25
poodle,4.5,2.5,mammal,0.25
poodle,4.5,2.5,dog,0.25
poodle,4.5,2.5,dalmatian,0.25
siamese cat,4.5,2.5,animal,0.25
siamese cat,4.5,2.5,mammal,0.25
siamese cat,4.5,2.5,dog,0.25
siamese cat,4.5,2.5,dalmatian,0.25
goldfish,4.5,2.5,animal,0.25
goldfish,4.5,2.5,mammal,0.25
goldfish,4.5,2.5,dog,0.25
goldfish,4.5,2.5,dalmatian,0.25
dalmatian,4.5,3,animal,0.25
dalmatian,4.5,3,mammal,0.25
dalmatian,4.5,3,dog,0.25
dalmatian,4.5,3,dalmatian,0.25
poodle,4.5,3,animal,0.25
poodle,4.5,3,mammal,0.25
poodle,4.5,3,dog,0.25
poodle,4.5,3,dalmatian,0.25
siamese cat,4.5,3,animal,0.25
siamese cat,4.5,3,mammal,0.25
siamese cat,4.5,3,dog,0.25
siamese cat,4.5,3,dalmatian,0.25
goldfish,4.5,3,animal,0.25
goldfish,4.5,3,mammal,0.25
goldfish,4.5,3,dog,0.25
goldfish,4.5,3,dalmatian,0.25
dalmatian,4.5,3.5,animal,0.25
dalmatian,4.5,3.5,mammal,0.25
dalmatian,4.5,3.5,dog,0.25
dalmatian,4.5,3.5,dalmatian,0.25
poodle,4.5,3.5,animal,0.25
poodle,4.5,3.5,mammal,0.25
poodle,4.5,3.5,dog,0.25
poodle,4.5,3.5,dalmatian,0.25
siamese cat,4.5,3.5,animal,0.25
siamese cat,4.5,3.5,mammal,0.25
siamese cat,4.5,3.5,dog,0.25
siamese cat,4.5,3.5,dalmatian,0.25
goldfish,4.5,3.5,animal,0.25
goldfish,4.5,3.5,mammal,0.25
goldfish,4.5,3.5,dog,0.25
goldfish,4.5,3.5,dalmatian,0.25
dalmatian,4.5,4,animal,0.25
dalmatian,4.5,4,mammal,0.25
dalmatian,4.5,4,dog,0.25
dalmatian,4.5,4,dalmatian,0.25
poodle,4.5,4,animal,0.25
poodle,4.5,4,mammal,0.25
poodle,4.5,4,dog,0.25
poodle,4.5,4,dalmatian,0.25
siamese cat,4.5,4,animal,0.25
siamese cat,4.5,4,mammal,0.25
siamese cat,4.5,4,dog,0.25
siamese cat,4.5,4,dalmatian,0.25
goldfish,4.5,4,animal,0.25
goldfish,4.5,4,mammal,0.25
goldfish,4.5,4,dog,0.25
goldfish,4.5,4,dalmatian,0.25
dalmatian,4.5,4.5,animal,0.25
dalmatian,4.5,4.5,mammal,0.25
dalmatian,4.5,4.5,dog,0.25
dalmatian,4.5,4.5,dalmatian,0.25
poodle,4.5,4.5,animal,0.25
poodle,4.5,4.5,mammal,0.25
poodle,4.5,4.5,dog,0.25
poodle,4.5,4.5,dalmatian,0.25
siamese cat,4.5,4.5,animal,0.25
siamese cat,4.5,4.5,mammal,0.25
siamese cat,4.5,4.5,dog,0.25
siamese cat,4.5,4.5,dalmatian,0.25
goldfish,4.5,4.5,animal,0.25
goldfish,4.5,4.5,mammal,0.25
goldfish,4.5,4.5,dog,0.25
goldfish,4.5,4.5,dalmatian,0.25
dalmatian,4.5,5,animal,0.25
dalmatian,4.5,5,mammal,0.25
dalmatian,4.5,5,dog,0.25
dalmatian,4.5,5,dalmatian,0.25
poodle,4.5,5,animal,0.25
poodle,4.5,5,mammal,0.25
poodle,4.5,5,dog,0.25
poodle,4.5,5,dalmatian,0.25
siamese cat,4.5,5,animal,0.25
siamese cat,4.5,5,mammal,0.25
siamese cat,4.5,5,dog,0.25
siamese cat,4.5,5,dalmatian,0.25
goldfish,4.5,5,animal,0.25
goldfish,4.5,5,mammal,0.25
goldfish,4.5,5,dog,0.25
goldfish,4.5,5,dalmatian,0.25
dalmatian,4.5,5.5,animal,0.25
dalmatian,4.5,5.5,mammal,0.25
dalmatian,4.5,5.5,dog,0.25
dalmatian,4.5,5.5,dalmatian,0.25
poodle,4.5,5.5,animal,0.25
poodle,4.5,5.5,mammal,0.25
poodle,4.5,5.5,dog,0.25
poodle,4.5,5.5,dalmatian,0.25
siamese cat,4.5,5.5,animal,0.25
siamese cat,4.5,5.5,mammal,0.25
siamese cat,4.5,5.5,dog,0.25
siamese cat,4.5,5.5,dalmatian,0.25
goldfish,4.5,5.5,animal,0.25
goldfish,4.5,5.5,mammal,0.25
goldfish,4.5,5.5,dog,0.25
goldfish,4.5,5.5,dalmatian,0.25
dalmatian,4.5,6,animal,0.25
dalmatian,4.5,6,mammal,0.25
dalmatian,4.5,6,dog,0.25
dalmatian,4.5,6,dalmatian,0.25
poodle,4.5,6,animal,0.25
poodle,4.5,6,mammal,0.25
poodle,4.5,6,dog,0.25
poodle,4.5,6,dalmatian,0.25
siamese cat,4.5,6,animal,0.25
siamese cat,4.5,6,mammal,0.25
siamese cat,4.5,6,dog,0.25
siamese cat,4.5,6,dalmatian,0.25
goldfish,4.5,6,animal,0.25
goldfish,4.5,6,mammal,0.25
goldfish,4.5,6,dog,0.25
goldfish,4.5,6,dalmatian,0.25
dalmatian,4.5,6.5,animal,0.25
dalmatian,4.5,6.5,mammal,0.25
dalmatian,4.5,6.5,dog,0.25
dalmatian,4.5,6.5,dalmatian,0.25
poodle,4.5,6.5,animal,0.25
poodle,4.5,6.5,mammal,0.25
poodle,4.5,6.5,dog,0.25
poodle,4.5,6.5,dalmatian,0.25
siamese cat,4.5,6.5,animal,0.25
siamese cat,4.5,6.5,mammal,0.25
siamese cat,4.5,6.5,dog,0.25
siamese cat,4.5,6.5,dalmatian,0.25
goldfish,4.5,6.5,animal,0.25
goldfish,4.5,6.5,mammal,0.25
goldfish,4.5,6.5,dog,0.25
goldfish,4.5,6.5,dalmatian,0.25
dalmatian,4.5,7,animal,0.25
dalmatian,4.5,7,mammal,0.25
dalmatian,4.5,7,dog,0.25
dalmatian,4.5,7,dalmatian,0.25
poodle,4.5,7,animal,0.25
poodle,4.5,7,mammal,0.25
poodle,4.5,7,dog,0.25
poodle,4.5,7,dalmatian,0.25
siamese cat,4.5,7,animal,0.25
siamese cat,4.5,7,mammal,0.25
siamese cat,4.5,7,dog,0.25
siamese cat,4.5,7,dalmatian,0.25
goldfish,4.5,7,animal,0.25
goldfish,4.5,7,mammal,0.25
goldfish,4.5,7,dog,0.25
goldfish,4.5,7,dalmatian,0.25
dalmatian,4.5,7.5,animal,0.25
dalmatian,4.5,7.5,mammal,0.25
dalmatian,4.5,7.5,dog,0.25
dalmatian,4.5,7.5,dalmatian,0.25
poodle,4.5,7.5,animal,0.25
poodle,4.5,7.5,mammal,0.25
poodle,4.5,7.5,dog,0.25
poodle,4.5,7.5,dalmatian,0.25
siamese cat,4.5,7.5,animal,0.25
siamese cat,4.5,7.5,mammal,0.25
siamese cat,4.5,7.5,dog,0.25
siamese cat,4.5,7.5,dalmatian,0.25
goldfish,4.5,7.5,animal,0.25
goldfish,4.5,7.5,mammal,0.25
goldfish,4.5,7.5,dog,0.25
goldfish,4.5,7.5,dalmatian,0.25
dalmatian,5,1,animal,0.25
dalmatian,5,1,mammal,0.25
dalmatian,5,1,dog,0.25
dalmatian,5,1,dalmatian,0.25
poodle,5,1,animal,0.25
poodle,5,1,mammal,0.25
poodle,5,1,dog,0.25
poodle,5,1,dalmatian,0.25
siamese cat,5,1,animal,0.25
siamese cat,5,1,mammal,0.25
siamese cat,5,1,dog,0.25
siamese cat,5,1,dalmatian,0.25
goldfish,5,1,animal,0.25
goldfish,5,1,mammal,0.25
goldfish,5,1,dog,0.25
goldfish,5,1,dalmatian,0.25
dalmatian,5,1.5,animal,0.25
dalmatian,5,1.5,mammal,0.25
dalmatian,5,1.5,dog,0.25
dalmatian,5,1.5,dalmatian,0.25
poodle,5,1.5,animal,0.25
poodle,5,1.5,mammal,0.25
poodle,5,1.5,dog,0.25
poodle,5,1.5,dalmatian,0.25
siamese cat,5,1.5,animal,0.25
siamese cat,5,1.5,mammal,0.25
siamese cat,5,1.5,dog,0.25
siamese cat,5,1.5,dalmatian,0.25
goldfish,5,1.5,animal,0.25
goldfish,5,1.5,mammal,0.25
goldfish,5,1.5,dog,0.25
goldfish,5,1.5,dalmatian,0.25
dalmatian,5,2,animal,0.25
dalmatian,5,2,mammal,0.25
dalmatian,5,2,dog,0.25
dalmatian,5,2,dalmatian,0.25
poodle,5,2,animal,0.25
poodle,5,2,mammal,0.25
poodle,5,2,dog,0.25
poodle,5,2,dalmatian,0.25
siamese cat,5,2,animal,0.25
siamese cat,5,2,mammal,0.25
siamese cat,5,2,dog,0.25
siamese cat,5,2,dalmatian,0.25
goldfish,5,2,animal,0.25
goldfish,5,2,mammal,0.25
goldfish,5,2,dog,0.25
goldfish,5,2,dalmatian,0.25
dalmatian,5,2.5,animal,0.25
dalmatian,5,2.5,mammal,0.25
dalmatian,5,2.5,dog,0.25
dalmatian,5,2.5,dalmatian,0.25
poodle,5,2.5,animal,0.25
poodle,5,2.5,mammal,0.25
poodle,5,2.5,dog,0.25
poodle,5,2.5,dalmatian,0.25
siamese cat,5,2.5,animal,0.25
siamese cat,5,2.5,mammal,0.25
siamese cat,5,2.5,dog,0.25
siamese cat,5,2.5,dalmatian,0.25
goldfish,5,2.5,animal,0.25
goldfish,5,2.5,mammal,0.25
goldfish,5,2.5,dog,0.25
goldfish,5,2.5,dalmatian,0.25
dalmatian,5,3,animal,0.25
dalmatian,5,3,mammal,0.25
dalmatian,5,3,dog,0.25
dalmatian,5,3,dalmatian,0.25
poodle,5,3,animal,0.25
poodle,5,3,mammal,0.25
poodle,5,3,dog,0.25
poodle,5,3,dalmatian,0.25
siamese cat,5,3,animal,0.25
siamese cat,5,3,mammal,0.25
siamese cat,5,3,dog,0.25
siamese cat,5,3,dalmatian,0.25
goldfish,5,3,animal,0.25
goldfish,5,3,mammal,0.25
goldfish,5,3,dog,0.25
goldfish,5,3,dalmatian,0.25
dalmatian,5,3.5,animal,0.25
dalmatian,5,3.5,mammal,0.25
dalmatian,5,3.5,dog,0.25
dalmatian,5,3.5,dalmatian,0.25
poodle,5,3.5,animal,0.25
poodle,5,3.5,mammal,0.25
poodle,5,3.5,dog,0.25
poodle,5,3.5,dalmatian,0.25
siamese cat,5,3.5,animal,0.25
siamese cat,5,3.5,mammal,0.25
siamese cat,5,3.5,dog,0.25
siamese cat,5,3.5,dalmatian,0.25
goldfish,5,3.5,animal,0.25
goldfish,5,3.5,mammal,0.25
goldfish,5,3.5,dog,0.25
goldfish,5,3.5,dalmatian,0.25
dalmatian,5,4,animal,0.25
dalmatian,5,4,mammal,0.25
dalmatian,5,4,dog,0.25
dalmatian,5,4,dalmatian,0.25
poodle,5,4,animal,0.25
poodle,5,4,mammal,0.25
poodle,5,4,dog,0.25
poodle,5,4,dalmatian,0.25
siamese cat,5,4,animal,0.25
siamese cat,5,4,mammal,0.25
siamese cat,5,4,dog,0.25
siamese cat,5,4,dalmatian,0.25
goldfish,5,4,animal,0.25
goldfish,5,4,mammal,0.25
goldfish,5,4,dog,0.25
goldfish,5,4,dalmatian,0.25
dalmatian,5,4.5,animal,0.25
dalmatian,5,4.5,mammal,0.25
dalmatian,5,4.5,dog,0.25
dalmatian,5,4.5,dalmatian,0.25
poodle,5,4.5,animal,0.25
poodle,5,4.5,mammal,0.25
poodle,5,4.5,dog,0.25
poodle,5,4.5,dalmatian,0.25
siamese cat,5,4.5,animal,0.25
siamese cat,5,4.5,mammal,0.25
siamese cat,5,4.5,dog,0.25
siamese cat,5,4.5,dalmatian,0.25
goldfish,5,4.5,animal,0.25
goldfish,5,4.5,mammal,0.25
goldfish,5,4.5,dog,0.25
goldfish,5,4.5,dalmatian,0.25
dalmatian,5,5,animal,0.25
dalmatian,5,5,mammal,0.25
dalmatian,5,5,dog,0.25
dalmatian,5,5,dalmatian,0.25
poodle,5,5,animal,0.25
poodle,5,5,mammal,0.25
poodle,5,5,dog,0.25
poodle,5,5,dalmatian,0.25
siamese cat,5,5,animal,0.25
siamese cat,5,5,mammal,0.25
siamese cat,5,5,dog,0.25
siamese cat,5,5,dalmatian,0.25
goldfish,5,5,animal,0.25
goldfish,5,5,mammal,0.25
goldfish,5,5,dog,0.25
goldfish,5,5,dalmatian,0.25
dalmatian,5,5.5,animal,0.25
dalmatian,5,5.5,mammal,0.25
dalmatian,5,5.5,dog,0.25
dalmatian,5,5.5,dalmatian,0.25
poodle,5,5.5,animal,0.25
poodle,5,5.5,mammal,0.25
poodle,5,5.5,dog,0.25
poodle,5,5.5,dalmatian,0.25
siamese cat,5,5.5,animal,0.25
siamese cat,5,5.5,mammal,0.25
siamese cat,5,5.5,dog,0.25
siamese cat,5,5.5,dalmatian,0.25
goldfish,5,5.5,animal,0.25
goldfish,5,5.5,mammal,0.25
goldfish,5,5.5,dog,0.25
goldfish,5,5.5,dalmatian,0.25
dalmatian,5,6,animal,0.25
dalmatian,5,6,mammal,0.25
dalmatian,5,6,dog,0.25
dalmatian,5,6,dalmatian,0.25
poodle,5,6,animal,0.25
poodle,5,6,mammal,0.25
poodle,5,6,dog,0.25
poodle,5,6,dalmatian,0.25
siamese cat,5,6,animal,0.25
siamese cat,5,6,mammal,0.25
siamese cat,5,6,dog,0.25
siamese cat,5,6,dalmatian,0.25
goldfish,5,6,animal,0.25
goldfish,5,6,mammal,0.25
goldfish,5,6,dog,0.25
goldfish,5,6,dalmatian,0.25
dalmatian,5,6.5,animal,0.25
dalmatian,5,6.5,mammal,0.25
dalmatian,5,6.5,dog,0.25
dalmatian,5,6.5,dalmatian,0.25
poodle,5,6.5,animal,0.25
poodle,5,6.5,mammal,0.25
poodle,5,6.5,dog,0.25
poodle,5,6.5,dalmatian,0.25
siamese cat,5,6.5,animal,0.25
siamese cat,5,6.5,mammal,0.25
siamese cat,5,6.5,dog,0.25
siamese cat,5,6.5,dalmatian,0.25
goldfish,5,6.5,animal,0.25
goldfish,5,6.5,mammal,0.25
goldfish,5,6.5,dog,0.25
goldfish,5,6.5,dalmatian,0.25
dalmatian,5,7,animal,0.25
dalmatian,5,7,mammal,0.25
dalmatian,5,7,dog,0.25
dalmatian,5,7,dalmatian,0.25
poodle,5,7,animal,0.25
poodle,5,7,mammal,0.25
poodle,5,7,dog,0.25
poodle,5,7,dalmatian,0.25
siamese cat,5,7,animal,0.25
siamese cat,5,7,mammal,0.25
siamese cat,5,7,dog,0.25
siamese cat,5,7,dalmatian,0.25
goldfish,5,7,animal,0.25
goldfish,5,7,mammal,0.25
goldfish,5,7,dog,0.25
goldfish,5,7,dalmatian,0.25
dalmatian,5,7.5,animal,0.25
dalmatian,5,7.5,mammal,0.25
dalmatian,5,7.5,dog,0.25
dalmatian,5,7.5,dalmatian,0.25
poodle,5,7.5,animal,0.25
poodle,5,7.5,mammal,0.25
poodle,5,7.5,dog,0.25
poodle,5,7.5,dalmatian,0.25
siamese cat,5,7.5,animal,0.25
siamese cat,5,7.5,mammal,0.25
siamese cat,5,7.5,dog,0.25
siamese cat,5,7.5,dalmatian,0.25
goldfish,5,7.5,animal,0.25
goldfish,5,7.5,mammal,0.25
goldfish,5,7.5,dog,0.25
goldfish,5,7.5,dalmatian,0.25
dalmatian,5.5,1,animal,0.25
dalmatian,5.5,1,mammal,0.25
dalmatian,5.5,1,dog,0.25
dalmatian,5.5,1,dalmatian,0.25
poodle,5.5,1,animal,0.25
poodle,5.5,1,mammal,0.25
poodle,5.5,1,dog,0.25
poodle,5.5,1,dalmatian,0.25
siamese cat,5.5,1,animal,0.25
siamese cat,5.5,1,mammal,0.25
siamese cat,5.5,1,dog,0.25
siamese cat,5.5,1,dalmatian,0.25
goldfish,5.5,1,animal,0.25
goldfish,5.5,1,mammal,0.25
goldfish,5.5,1,dog,0.25
goldfish,5.5,1,dalmatian,0.25
dalmatian,5.5,1.5,animal,0.25
dalmatian,5.5,1.5,mammal,0.25
dalmatian,5.5,1.5,dog,0.25
dalmatian,5.5,1.5,dalmatian,0.25
poodle,5.5,1.5,animal,0.25
poodle,5.5,1.5,mammal,0.25
poodle,5.5,1.5,dog,0.25
poodle,5.5,1.5,dalmatian,0.25
siamese cat,5.5,1.5,animal,0.25
siamese cat,5.5,1.5,mammal,0.25
siamese cat,5.5,1.5,dog,0.25
siamese cat,5.5,1.5,dalmatian,0.25
goldfish,5.5,1.5,animal,0.25
goldfish,5.5,1.5,mammal,0.25
goldfish,5.5,1.5,dog,0.25
goldfish,5.5,1.5,dalmatian,0.25
dalmatian,5.5,2,animal,0.25
dalmatian,5.5,2,mammal,0.25
dalmatian,5.5,2,dog,0.25
dalmatian,5.5,2,dalmatian,0.25
poodle,5.5,2,animal,0.25
poodle,5.5,2,mammal,0.25
poodle,5.5,2,dog,0.25
poodle,5.5,2,dalmatian,0.25
siamese cat,5.5,2,animal,0.25
siamese cat,5.5,2,mammal,0.25
siamese cat,5.5,2,dog,0.25
siamese cat,5.5,2,dalmatian,0.25
goldfish,5.5,2,animal,0.25
goldfish,5.5,2,mammal,0.25
goldfish,5.5,2,dog,0.25
goldfish,5.5,2,dalmatian,0.25
dalmatian,5.5,2.5,animal,0.25
dalmatian,5.5,2.5,mammal,0.25
dalmatian,5.5,2.5,dog,0.25
dalmatian,5.5,2.5,dalmatian,0.25
poodle,5.5,2.5,animal,0.25
poodle,5.5,2.5,mammal,0.25
poodle,5.5,2.5,dog,0.25
poodle,5.5,2.5,dalmatian,0.25
siamese cat,5.5,2.5,animal,0.25
siamese cat,5.5,2.5,mammal,0.25
siamese cat,5.5,2.5,dog,0.25
siamese cat,5.5,2.5,dalmatian,0.25
goldfish,5.5,2.5,animal,0.25
goldfish,5.5,2.5,mammal,0.25
goldfish,5.5,2.5,dog,0.25
goldfish,5.5,2.5,dalmatian,0.25
dalmatian,5.5,3,animal,0.25
dalmatian,5.5,3,mammal,0.25
dalmatian,5.5,3,dog,0.25
dalmatian,5.5,3,dalmatian,0.25
poodle,5.5,3,animal,0.25
poodle,5.5,3,mammal,0.25
poodle,5.5,3,dog,0.25
poodle,5.5,3,dalmatian,0.25
siamese cat,5.5,3,animal,0.25
siamese cat,5.5,3,mammal,0.25
siamese cat,5.5,3,dog,0.25
siamese cat,5.5,3,dalmatian,0.25
goldfish,5.5,3,animal,0.25
goldfish,5.5,3,mammal,0.25
goldfish,5.5,3,dog,0.25
goldfish,5.5,3,dalmatian,0.25
dalmatian,5.5,3.5,animal,0.25
dalmatian,5.5,3.5,mammal,0.25
dalmatian,5.5,3.5,dog,0.25
dalmatian,5.5,3.5,dalmatian,0.25
poodle,5.5,3.5,animal,0.25
poodle,5.5,3.5,mammal,0.25
poodle,5.5,3.5,dog,0.25
poodle,5.5,3.5,dalmatian,0.25
siamese cat,5.5,3.5,animal,0.25
siamese cat,5.5,3.5,mammal,0.25
siamese cat,5.5,3.5,dog,0.25
siamese cat,5.5,3.5,dalmatian,0.25
goldfish,5.5,3.5,animal,0.25
goldfish,5.5,3.5,mammal,0.25
goldfish,5.5,3.5,dog,0.25
goldfish,5.5,3.5,dalmatian,0.25
dalmatian,5.5,4,animal,0.25
dalmatian,5.5,4,mammal,0.25
dalmatian,5.5,4,dog,0.25
dalmatian,5.5,4,dalmatian,0.25
poodle,5.5,4,animal,0.25
poodle,5.5,4,mammal,0.25
poodle,5.5,4,dog,0.25
poodle,5.5,4,dalmatian,0.25
siamese cat,5.5,4,animal,0.25
siamese cat,5.5,4,mammal,0.25
siamese cat,5.5,4,dog,0.25
siamese cat,5.5,4,dalmatian,0.25
goldfish,5.5,4,animal,0.25
goldfish,5.5,4,mammal,0.25
goldfish,5.5,4,dog,0.25
goldfish,5.5,4,dalmatian,0.25
dalmatian,5.5,4.5,animal,0.25
dalmatian,5.5,4.5,mammal,0.25
dalmatian,5.5,4.5,dog,0.25
dalmatian,5.5,4.5,dalmatian,0.25
poodle,5.5,4.5,animal,0.25
poodle,5.5,4.5,mammal,0.25
poodle,5.5,4.5,dog,0.25
poodle,5.5,4.5,dalmatian,0.25
siamese cat,5.5,4.5,animal,0.25
siamese cat,5.5,4.5,mammal,0.25
siamese cat,5.5,4.5,dog,0.25
siamese cat,5.5,4.5,dalmatian,0.25
goldfish,5.5,4.5,animal,0.25
goldfish,5.5,4.5,mammal,0.25
goldfish,5.5,4.5,dog,0.25
goldfish,5.5,4.5,dalmatian,0.25
dalmatian,5.5,5,animal,0.25
dalmatian,5.5,5,mammal,0.25
dalmatian,5.5,5,dog,0.25
dalmatian,5.5,5,dalmatian,0.25
poodle,5.5,5,animal,0.25
poodle,5.5,5,mammal,0.25
poodle,5.5,5,dog,0.25
poodle,5.5,5,dalmatian,0.25
siamese cat,5.5,5,animal,0.25
siamese cat,5.5,5,mammal,0.25
siamese cat,5.5,5,dog,0.25
siamese cat,5.5,5,dalmatian,0.25
goldfish,5.5,5,animal,0.25
goldfish,5.5,5,mammal,0.25
goldfish,5.5,5,dog,0.25
goldfish,5.5,5,dalmatian,0.25
dalmatian,5.5,5.5,animal,0.25
dalmatian,5.5,5.5,mammal,0.25
dalmatian,5.5,5.5,dog,0.25
dalmatian,5.5,5.5,dalmatian,0.25
poodle,5.5,5.5,animal,0.25
poodle,5.5,5.5,mammal,0.25
poodle,5.5,5.5,dog,0.25
poodle,5.5,5.5,dalmatian,0.25
siamese cat,5.5,5.5,animal,0.25
siamese cat,5.5,5.5,mammal,0.25
siamese cat,5.5,5.5,dog,0.25
siamese cat,5.5,5.5,dalmatian,0.25
goldfish,5.5,5.5,animal,0.25
goldfish,5.5,5.5,mammal,0.25
goldfish,5.5,5.5,dog,0.25
goldfish,5.5,5.5,dalmatian,0.25
dalmatian,5.5,6,animal,0.25
dalmatian,5.5,6,mammal,0.25
dalmatian,5.5,6,dog,0.25
dalmatian,5.5,6,dalmatian,0.25
poodle,5.5,6,animal,0.25
poodle,5.5,6,mammal,0.25
poodle,5.5,6,dog,0.25
poodle,5.5,6,dalmatian,0.25
siamese cat,5.5,6,animal,0.25
siamese cat,5.5,6,mammal,0.25
siamese cat,5.5,6,dog,0.25
siamese cat,5.5,6,dalmatian,0.25
goldfish,5.5,6,animal,0.25
goldfish,5.5,6,mammal,0.25
goldfish,5.5,6,dog,0.25
goldfish,5.5,6,dalmatian,0.25
dalmatian,5.5,6.5,animal,0.25
dalmatian,5.5,6.5,mammal,0.25
dalmatian,5.5,6.5,dog,0.25
dalmatian,5.5,6.5,dalmatian,0.25
poodle,5.5,6.5,animal,0.25
poodle,5.5,6.5,mammal,0.25
poodle,5.5,6.5,dog,0.25
poodle,5.5,6.5,dalmatian,0.25
siamese cat,5.5,6.5,animal,0.25
siamese cat,5.5,6.5,mammal,0.25
siamese cat,5.5,6.5,dog,0.25
siamese cat,5.5,6.5,dalmatian,0.25
goldfish,5.5,6.5,animal,0.25
goldfish,5.5,6.5,mammal,0.25
goldfish,5.5,6.5,dog,0.25
goldfish,5.5,6.5,dalmatian,0.25
dalmatian,5.5,7,animal,0.25
dalmatian,5.5,7,mammal,0.25
dalmatian,5.5,7,dog,0.25
dalmatian,5.5,7,dalmatian,0.25
poodle,5.5,7,animal,0.25
poodle,5.5,7,mammal,0.25
poodle,5.5,7,dog,0.25
poodle,5.5,7,dalmatian,0.25
siamese cat,5.5,7,animal,0.25
siamese cat,5.5,7,mammal,0.25
siamese cat,5.5,7,dog,0.25
siamese cat,5.5,7,dalmatian,0.25
goldfish,5.5,7,animal,0.25
goldfish,5.5,7,mammal,0.25
goldfish,5.5,7,dog,0.25
goldfish,5.5,7,dalmatian,0.25
dalmatian,5.5,7.5,animal,0.25
dalmatian,5.5,7.5,mammal,0.25
dalmatian,5.5,7.5,dog,0.25
dalmatian,5.5,7.5,dalmatian,0.25
poodle,5.5,7.5,animal,0.25
poodle,5.5,7.5,mammal,0.25
poodle,5.5,7.5,dog,0.25
poodle,5.5,7.5,dalmatian,0.25
siamese cat,5.5,7.5,animal,0.25
siamese cat,5.5,7.5,mammal,0.25
siamese cat,5.5,7.5,dog,0.25
siamese cat,5.5,7.5,dalmatian,0.25
goldfish,5.5,7.5,animal,0.25
goldfish,5.5,7.5,mammal,0.25
goldfish,5.5,7.5,dog,0.25
goldfish,5.5,7.5,dalmatian,0.25
dalmatian,6,1,animal,0.25
dalmatian,6,1,mammal,0.25
dalmatian,6,1,dog,0.25
dalmatian,6,1,dalmatian,0.25
poodle,6,1,animal,0.25
poodle,6,1,mammal,0.25
poodle,6,1,dog,0.25
poodle,6,1,dalmatian,0.25
siamese cat,6,1,animal,0.25
siamese cat,6,1,mammal,0.25
siamese cat,6,1,dog,0.25
siamese cat,6,1,dalmatian,0.25
goldfish,6,1,animal,0.25
goldfish,6,1,mammal,0.25
goldfish,6,1,dog,0.25
goldfish,6,1,dalmatian,0.25
dalmatian,6,1.5,animal,0.25
dalmatian,6,1.5,mammal,0.25
dalmatian,6,1.5,dog,0.25
dalmatian,6,1.5,dalmatian,0.25
poodle,6,1.5,animal,0.25
poodle,6,1.5,mammal,0.25
poodle,6,1.5,dog,0.25
poodle,6,1.5,dalmatian,0.25
siamese cat,6,1.5,animal,0.25
siamese cat,6,1.5,mammal,0.25
siamese cat,6,1.5,dog,0.25
siamese cat,6,1.5,dalmatian,0.25
goldfish,6,1.5,animal,0.25
goldfish,6,1.5,mammal,0.25
goldfish,6,1.5,dog,0.25
goldfish,6,1.5,dalmatian,0.25
dalmatian,6,2,animal,0.25
dalmatian,6,2,mammal,0.25
dalmatian,6,2,dog,0.25
dalmatian,6,2,dalmatian,0.25
poodle,6,2,animal,0.25
poodle,6,2,mammal,0.25
poodle,6,2,dog,0.25
poodle,6,2,dalmatian,0.25
siamese cat,6,2,animal,0.25
siamese cat,6,2,mammal,0.25
siamese cat,6,2,dog,0.25
siamese cat,6,2,dalmatian,0.25
goldfish,6,2,animal,0.25
goldfish,6,2,mammal,0.25
goldfish,6,2,dog,0.25
goldfish,6,2,dalmatian,0.25
dalmatian,6,2.5,animal,0.25
dalmatian,6,2.5,mammal,0.25
dalmatian,6,2.5,dog,0.25
dalmatian,6,2.5,dalmatian,0.25
poodle,6,2.5,animal,0.25
poodle,6,2.5,mammal,0.25
poodle,6,2.5,dog,0.25
poodle,6,2.5,dalmatian,0.25
siamese cat,6,2.5,animal,0.25
siamese cat,6,2.5,mammal,0.25
siamese cat,6,2.5,dog,0.25
siamese cat,6,2.5,dalmatian,0.25
goldfish,6,2.5,animal,0.25
goldfish,6,2.5,mammal,0.25
goldfish,6,2.5,dog,0.25
goldfish,6,2.5,dalmatian,0.25
dalmatian,6,3,animal,0.25
dalmatian,6,3,mammal,0.25
dalmatian,6,3,dog,0.25
dalmatian,6,3,dalmatian,0.25
poodle,6,3,animal,0.25
poodle,6,3,mammal,0.25
poodle,6,3,dog,0.25
poodle,6,3,dalmatian,0.25
siamese cat,6,3,animal,0.25
siamese cat,6,3,mammal,0.25
siamese cat,6,3,dog,0.25
siamese cat,6,3,dalmatian,0.25
goldfish,6,3,animal,0.25
goldfish,6,3,mammal,0.25
goldfish,6,3,dog,0.25
goldfish,6,3,dalmatian,0.25
dalmatian,6,3.5,animal,0.25
dalmatian,6,3.5,mammal,0.25
dalmatian,6,3.5,dog,0.25
dalmatian,6,3.5,dalmatian,0.25
poodle,6,3.5,animal,0.25
poodle,6,3.5,mammal,0.25
poodle,6,3.5,dog,0.25
poodle,6,3.5,dalmatian,0.25
siamese cat,6,3.5,animal,0.25
siamese cat,6,3.5,mammal,0.25
siamese cat,6,3.5,dog,0.25
siamese cat,6,3.5,dalmatian,0.25
goldfish,6,3.5,animal,0.25
goldfish,6,3.5,mammal,0.25
goldfish,6,3.5,dog,0.25
goldfish,6,3.5,dalmatian,0.25
dalmatian,6,4,animal,0.25
dalmatian,6,4,mammal,0.25
dalmatian,6,4,dog,0.25
dalmatian,6,4,dalmatian,0.25
poodle,6,4,animal,0.25
poodle,6,4,mammal,0.25
poodle,6,4,dog,0.25
poodle,6,4,dalmatian,0.25
siamese cat,6,4,animal,0.25
siamese cat,6,4,mammal,0.25
siamese cat,6,4,dog,0.25
siamese cat,6,4,dalmatian,0.25
goldfish,6,4,animal,0.25
goldfish,6,4,mammal,0.25
goldfish,6,4,dog,0.25
goldfish,6,4,dalmatian,0.25
dalmatian,6,4.5,animal,0.25
dalmatian,6,4.5,mammal,0.25
dalmatian,6,4.5,dog,0.25
dalmatian,6,4.5,dalmatian,0.25
poodle,6,4.5,animal,0.25
poodle,6,4.5,mammal,0.25
poodle,6,4.5,dog,0.25
poodle,6,4.5,dalmatian,0.25
siamese cat,6,4.5,animal,0.25
siamese cat,6,4.5,mammal,0.25
siamese cat,6,4.5,dog,0.25
siamese cat,6,4.5,dalmatian,0.25
goldfish,6,4.5,animal,0.25
goldfish,6,4.5,mammal,0.25
goldfish,6,4.5,dog,0.25
goldfish,6,4.5,dalmatian,0.25
dalmatian,6,5,animal,0.25
dalmatian,6,5,mammal,0.25
dalmatian,6,5,dog,0.25
dalmatian,6,5,dalmatian,0.25
poodle,6,5,animal,0.25
poodle,6,5,mammal,0.25
poodle,6,5,dog,0.25
poodle,6,5,dalmatian,0.25
siamese cat,6,5,animal,0.25
siamese cat,6,5,mammal,0.25
siamese cat,6,5,dog,0.25
siamese cat,6,5,dalmatian,0.25
goldfish,6,5,animal,0.25
goldfish,6,5,mammal,0.25
goldfish,6,5,dog,0.25
goldfish,6,5,dalmatian,0.25
dalmatian,6,5.5,animal,0.25
dalmatian,6,5.5,mammal,0.25
dalmatian,6,5.5,dog,0.25
dalmatian,6,5.5,dalmatian,0.25
poodle,6,5.5,animal,0.25
poodle,6,5.5,mammal,0.25
poodle,6,5.5,dog,0.25
poodle,6,5.5,dalmatian,0.25
siamese cat,6,5.5,animal,0.25
siamese cat,6,5.5,mammal,0.25
siamese cat,6,5.5,dog,0.25
siamese cat,6,5.5,dalmatian,0.25
goldfish,6,5.5,animal,0.25
goldfish,6,5.5,mammal,0.25
goldfish,6,5.5,dog,0.25
goldfish,6,5.5,dalmatian,0.25
dalmatian,6,6,animal,0.25
dalmatian,6,6,mammal,0.25
dalmatian,6,6,dog,0.25
dalmatian,6,6,dalmatian,0.25
poodle,6,6,animal,0.25
poodle,6,6,mammal,0.25
poodle,6,6,dog,0.25
poodle,6,6,dalmatian,0.25
siamese cat,6,6,animal,0.25
siamese cat,6,6,mammal,0.25
siamese cat,6,6,dog,0.25
siamese cat,6,6,dalmatian,0.25
goldfish,6,6,animal,0.25
goldfish,6,6,mammal,0.25
goldfish,6,6,dog,0.25
goldfish,6,6,dalmatian,0.25
dalmatian,6,6.5,animal,0.25
dalmatian,6,6.5,mammal,0.25
dalmatian,6,6.5,dog,0.25
dalmatian,6,6.5,dalmatian,0.25
poodle,6,6.5,animal,0.25
poodle,6,6.5,mammal,0.25
poodle,6,6.5,dog,0.25
poodle,6,6.5,dalmatian,0.25
siamese cat,6,6.5,animal,0.25
siamese cat,6,6.5,mammal,0.25
siamese cat,6,6.5,dog,0.25
siamese cat,6,6.5,dalmatian,0.25
goldfish,6,6.5,animal,0.25
goldfish,6,6.5,mammal,0.25
goldfish,6,6.5,dog,0.25
goldfish,6,6.5,dalmatian,0.25
dalmatian,6,7,animal,0.25
dalmatian,6,7,mammal,0.25
dalmatian,6,7,dog,0.25
dalmatian,6,7,dalmatian,0.25
poodle,6,7,animal,0.25
poodle,6,7,mammal,0.25
poodle,6,7,dog,0.25
poodle,6,7,dalmatian,0.25
siamese cat,6,7,animal,0.25
siamese cat,6,7,mammal,0.25
siamese cat,6,7,dog,0.25
siamese cat,6,7,dalmatian,0.25
goldfish,6,7,animal,0.25
goldfish,6,7,mammal,0.25
goldfish,6,7,dog,0.25
goldfish,6,7,dalmatian,0.25
dalmatian,6,7.5,animal,0.25
dalmatian,6,7.5,mammal,0.25
dalmatian,6,7.5,dog,0.25
dalmatian,6,7.5,dalmatian,0.25
poodle,6,7.5,animal,0.25
poodle,6,7.5,mammal,0.25
poodle,6,7.5,dog,0.25
poodle,6,7.5,dalmatian,0.25
siamese cat,6,7.5,animal,0.25
siamese cat,6,7.5,mammal,0.25
siamese cat,6,7.5,dog,0.25
siamese cat,6,7.5,dalmatian,0.25
goldfish,6,7.5,animal,0.25
goldfish,6,7.5,mammal,0.25
goldfish,6,7.5,dog,0.25
goldfish,6,7.5,dalmatian,0.25
dalmatian,6.5,1,animal,0.25
dalmatian,6.5,1,mammal,0.25
dalmatian,6.5,1,dog,0.25
dalmatian,6.5,1,dalmatian,0.25
poodle,6.5,1,animal,0.25
poodle,6.5,1,mammal,0.25
poodle,6.5,1,dog,0.25
poodle,6.5,1,dalmatian,0.25
siamese cat,6.5,1,animal,0.25
siamese cat,6.5,1,mammal,0.25
siamese cat,6.5,1,dog,0.25
siamese cat,6.5,1,dalmatian,0.25
goldfish,6.5,1,animal,0.25
goldfish,6.5,1,mammal,0.25
goldfish,6.5,1,dog,0.25
goldfish,6.5,1,dalmatian,0.25
dalmatian,6.5,1.5,animal,0.25
dalmatian,6.5,1.5,mammal,0.25
dalmatian,6.5,1.5,dog,0.25
dalmatian,6.5,1.5,dalmatian,0.25
poodle,6.5,1.5,animal,0.25
poodle,6.5,1.5,mammal,0.25
poodle,6.5,1.5,dog,0.25
poodle,6.5,1.5,dalmatian,0.25
siamese cat,6.5,1.5,animal,0.25
siamese cat,6.5,1.5,mammal,0.25
siamese cat,6.5,1.5,dog,0.25
siamese cat,6.5,1.5,dalmatian,0.25
goldfish,6.5,1.5,animal,0.25
goldfish,6.5,1.5,mammal,0.25
goldfish,6.5,1.5,dog,0.25
goldfish,6.5,1.5,dalmatian,0.25
dalmatian,6.5,2,animal,0.25
dalmatian,6.5,2,mammal,0.25
dalmatian,6.5,2,dog,0.25
dalmatian,6.5,2,dalmatian,0.25
poodle,6.5,2,animal,0.25
poodle,6.5,2,mammal,0.25
poodle,6.5,2,dog,0.25
poodle,6.5,2,dalmatian,0.25
siamese cat,6.5,2,animal,0.25
siamese cat,6.5,2,mammal,0.25
siamese cat,6.5,2,dog,0.25
siamese cat,6.5,2,dalmatian,0.25
goldfish,6.5,2,animal,0.25
goldfish,6.5,2,mammal,0.25
goldfish,6.5,2,dog,0.25
goldfish,6.5,2,dalmatian,0.25
dalmatian,6.5,2.5,animal,0.25
dalmatian,6.5,2.5,mammal,0.25
dalmatian,6.5,2.5,dog,0.25
dalmatian,6.5,2.5,dalmatian,0.25
poodle,6.5,2.5,animal,0.25
poodle,6.5,2.5,mammal,0.25
poodle,6.5,2.5,dog,0.25
poodle,6.5,2.5,dalmatian,0.25
siamese cat,6.5,2.5,animal,0.25
siamese cat,6.5,2.5,mammal,0.25
siamese cat,6.5,2.5,dog,0.25
siamese cat,6.5,2.5,dalmatian,0.25
goldfish,6.5,2.5,animal,0.25
goldfish,6.5,2.5,mammal,0.25
goldfish,6.5,2.5,dog,0.25
goldfish,6.5,2.5,dalmatian,0.25
dalmatian,6.5,3,animal,0.25
dalmatian,6.5,3,mammal,0.25
dalmatian,6.5,3,dog,0.25
dalmatian,6.5,3,dalmatian,0.25
poodle,6.5,3,animal,0.25
poodle,6.5,3,mammal,0.25
poodle,6.5,3,dog,0.25
poodle,6.5,3,dalmatian,0.25
siamese cat,6.5,3,animal,0.25
siamese cat,6.5,3,mammal,0.25
siamese cat,6.5,3,dog,0.25
siamese cat,6.5,3,dalmatian,0.25
goldfish,6.5,3,animal,0.25
goldfish,6.5,3,mammal,0.25
goldfish,6.5,3,dog,0.25
goldfish,6.5,3,dalmatian,0.25
dalmatian,6.5,3.5,animal,0.25
dalmatian,6.5,3.5,mammal,0.25
dalmatian,6.5,3.5,dog,0.25
dalmatian,6.5,3.5,dalmatian,0.25
poodle,6.5,3.5,animal,0.25
poodle,6.5,3.5,mammal,0.25
poodle,6.5,3.5,dog,0.25
poodle,6.5,3.5,dalmatian,0.25
siamese cat,6.5,3.5,animal,0.25
siamese cat,6.5,3.5,mammal,0.25
siamese cat,6.5,3.5,dog,0.25
siamese cat,6.5,3.5,dalmatian,0.25
goldfish,6.5,3.5,animal,0.25
goldfish,6.5,3.5,mammal,0.25
goldfish,6.5,3.5,dog,0.25
goldfish,6.5,3.5,dalmatian,0.25
dalmatian,6.5,4,animal,0.25
dalmatian,6.5,4,mammal,0.25
dalmatian,6.5,4,dog,0.25
dalmatian,6.5,4,dalmatian,0.25
poodle,6.5,4,animal,0.25
poodle,6.5,4,mammal,0.25
poodle,6.5,4,dog,0.25
poodle,6.5,4,dalmatian,0.25
siamese cat,6.5,4,animal,0.25
siamese cat,6.5,4,mammal,0.25
siamese cat,6.5,4,dog,0.25
siamese cat,6.5,4,dalmatian,0.25
goldfish,6.5,4,animal,0.25
goldfish,6.5,4,mammal,0.25
goldfish,6.5,4,dog,0.25
goldfish,6.5,4,dalmatian,0.25
dalmatian,6.5,4.5,animal,0.25
dalmatian,6.5,4.5,mammal,0.25
dalmatian,6.5,4.5,dog,0.25
dalmatian,6.5,4.5,dalmatian,0.25
poodle,6.5,4.5,animal,0.25
poodle,6.5,4.5,mammal,0.25
poodle,6.5,4.5,dog,0.25
poodle,6.5,4.5,dalmatian,0.25
siamese cat,6.5,4.5,animal,0.25
siamese cat,6.5,4.5,mammal,0.25
siamese cat,6.5,4.5,dog,0.25
siamese cat,6.5,4.5,dalmatian,0.25
goldfish,6.5,4.5,animal,0.25
goldfish,6.5,4.5,mammal,0.25
goldfish,6.5,4.5,dog,0.25
goldfish,6.5,4.5,dalmatian,0.25
dalmatian,6.5,5,animal,0.25
dalmatian,6.5,5,mammal,0.25
dalmatian,6.5,5,dog,0.25
dalmatian,6.5,5,dalmatian,0.25
poodle,6.5,5,animal,0.25
poodle,6.5,5,mammal,0.25
poodle,6.5,5,dog,0.25
poodle,6.5,5,dalmatian,0.25
siamese cat,6.5,5,animal,0.25
siamese cat,6.5,5,mammal,0.25
siamese cat,6.5,5,dog,0.25
siamese cat,6.5,5,dalmatian,0.25
goldfish,6.5,5,animal,0.25
goldfish,6.5,5,mammal,0.25
goldfish,6.5,5,dog,0.25
goldfish,6.5,5,dalmatian,0.25
dalmatian,6.5,5.5,animal,0.25
dalmatian,6.5,5.5,mammal,0.25
dalmatian,6.5,5.5,dog,0.25
dalmatian,6.5,5.5,dalmatian,0.25
poodle,6.5,5.5,animal,0.25
poodle,6.5,5.5,mammal,0.25
poodle,6.5,5.5,dog,0.25
poodle,6.5,5.5,dalmatian,0.25
siamese cat,6.5,5.5,animal,0.25
siamese cat,6.5,5.5,mammal,0.25
siamese cat,6.5,5.5,dog,0.25
siamese cat,6.5,5.5,dalmatian,0.25
goldfish,6.5,5.5,animal,0.25
goldfish,6.5,5.5,mammal,0.25
goldfish,6.5,5.5,dog,0.25
goldfish,6.5,5.5,dalmatian,0.25
dalmatian,6.5,6,animal,0.25
dalmatian,6.5,6,mammal,0.25
dalmatian,6.5,6,dog,0.25
dalmatian,6.5,6,dalmatian,0.25
poodle,6.5,6,animal,0.25
poodle,6.5,6,mammal,0.25
poodle,6.5,6,dog,0.25
poodle,6.5,6,dalmatian,0.25
siamese cat,6.5,6,animal,0.25
siamese cat,6.5,6,mammal,0.25
siamese cat,6.5,6,dog,0.25
siamese cat,6.5,6,dalmatian,0.25
goldfish,6.5,6,animal,0.25
goldfish,6.5,6,mammal,0.25
goldfish,6.5,6,dog,0.25
goldfish,6.5,6,dalmatian,0.25
dalmatian,6.5,6.5,animal,0.25
dalmatian,6.5,6.5,mammal,0.25
dalmatian,6.5,6.5,dog,0.25
dalmatian,6.5,6.5,dalmatian,0.25
poodle,6.5,6.5,animal,0.25
poodle,6.5,6.5,mammal,0.25
poodle,6.5,6.5,dog,0.25
poodle,6.5,6.5,dalmatian,0.25
siamese cat,6.5,6.5,animal,0.25
siamese cat,6.5,6.5,mammal,0.25
siamese cat,6.5,6.5,dog,0.25
siamese cat,6.5,6.5,dalmatian,0.25
goldfish,6.5,6.5,animal,0.25
goldfish,6.5,6.5,mammal,0.25
goldfish,6.5,6.5,dog,0.25
goldfish,6.5,6.5,dalmatian,0.25
dalmatian,6.5,7,animal,0.25
dalmatian,6.5,7,mammal,0.25
dalmatian,6.5,7,dog,0.25
dalmatian,6.5,7,dalmatian,0.25
poodle,6.5,7,animal,0.25
poodle,6.5,7,mammal,0.25
poodle,6.5,7,dog,0.25
poodle,6.5,7,dalmatian,0.25
siamese cat,6.5,7,animal,0.25
siamese cat,6.5,7,mammal,0.25
siamese cat,6.5,7,dog,0.25
siamese cat,6.5,7,dalmatian,0.25
goldfish,6.5,7,animal,0.25
goldfish,6.5,7,mammal,0.25
goldfish,6.5,7,dog,0.25
goldfish,6.5,7,dalmatian,0.25
dalmatian,6.5,7.5,animal,0.25
dalmatian,6.5,7.5,mammal,0.25
dalmatian,6.5,7.5,dog,0.25
dalmatian,6.5,7.5,dalmatian,0.25
poodle,6.5,7.5,animal,0.25
poodle,6.5,7.5,mammal,0.25
poodle,6.5,7.5,dog,0.25
poodle,6.5,7.5,dalmatian,0.25
siamese cat,6.5,7.5,animal,0.25
siamese cat,6.5,7.5,mammal,0.25
siamese cat,6.5,7.5,dog,0.25
siamese cat,6.5,7.5,dalmatian,0.25
goldfish,6.5,7.5,animal,0.25
goldfish,6.5,7.5,mammal,0.25
goldfish,6.5,7.5,dog,0.25
goldfish,6.5,7.5,dalmatian,0.25
dalmatian,7,1,animal,0.25
dalmatian,7,1,mammal,0.25
dalmatian,7,1,dog,0.25
dalmatian,7,1,dalmatian,0.25
poodle,7,1,animal,0.25
poodle,7,1,mammal,0.25
poodle,7,1,dog,0.25
poodle,7,1,dalmatian,0.25
siamese cat,7,1,animal,0.25
siamese cat,7,1,mammal,0.25
siamese cat,7,1,dog,0.25
siamese cat,7,1,dalmatian,0.25
goldfish,7,1,animal,0.25
goldfish,7,1,mammal,0.25
goldfish,7,1,dog,0.25
goldfish,7,1,dalmatian,0.25
dalmatian,7,1.5,animal,0.25
dalmatian,7,1.5,mammal,0.25
dalmatian,7,1.5,dog,0.25
dalmatian,7,1.5,dalmatian,0.25
poodle,7,1.5,animal,0.25
poodle,7,1.5,mammal,0.25
poodle,7,1.5,dog,0.25
poodle,7,1.5,dalmatian,0.25
siamese cat,7,1.5,animal,0.25
siamese cat,7,1.5,mammal,0.25
siamese cat,7,1.5,dog,0.25
siamese cat,7,1.5,dalmatian,0.25
goldfish,7,1.5,animal,0.25
goldfish,7,1.5,mammal,0.25
goldfish,7,1.5,dog,0.25
goldfish,7,1.5,dalmatian,0.25
dalmatian,7,2,animal,0.25
dalmatian,7,2,mammal,0.25
dalmatian,7,2,dog,0.25
dalmatian,7,2,dalmatian,0.25
poodle,7,2,animal,0.25
poodle,7,2,mammal,0.25
poodle,7,2,dog,0.25
poodle,7,2,dalmatian,0.25
siamese cat,7,2,animal,0.25
siamese cat,7,2,mammal,0.25
siamese cat,7,2,dog,0.25
siamese cat,7,2,dalmatian,0.25
goldfish,7,2,animal,0.25
goldfish,7,2,mammal,0.25
goldfish,7,2,dog,0.25
goldfish,7,2,dalmatian,0.25
dalmatian,7,2.5,animal,0.25
dalmatian,7,2.5,mammal,0.25
dalmatian,7,2.5,dog,0.25
dalmatian,7,2.5,dalmatian,0.25
poodle,7,2.5,animal,0.25
poodle,7,2.5,mammal,0.25
poodle,7,2.5,dog,0.25
poodle,7,2.5,dalmatian,0.25
siamese cat,7,2.5,animal,0.25
siamese cat,7,2.5,mammal,0.25
siamese cat,7,2.5,dog,0.25
siamese cat,7,2.5,dalmatian,0.25
goldfish,7,2.5,animal,0.25
goldfish,7,2.5,mammal,0.25
goldfish,7,2.5,dog,0.25
goldfish,7,2.5,dalmatian,0.25
dalmatian,7,3,animal,0.25
dalmatian,7,3,mammal,0.25
dalmatian,7,3,dog,0.25
dalmatian,7,3,dalmatian,0.25
poodle,7,3,animal,0.25
poodle,7,3,mammal,0.25
poodle,7,3,dog,0.25
poodle,7,3,dalmatian,0.25
siamese cat,7,3,animal,0.25
siamese cat,7,3,mammal,0.25
siamese cat,7,3,dog,0.25
siamese cat,7,3,dalmatian,0.25
goldfish,7,3,animal,0.25
goldfish,7,3,mammal,0.25
goldfish,7,3,dog,0.25
goldfish,7,3,dalmatian,0.25
dalmatian,7,3.5,animal,0.25
dalmatian,7,3.5,mammal,0.25
dalmatian,7,3.5,dog,0.25
dalmatian,7,3.5,dalmatian,0.25
poodle,7,3.5,animal,0.25
poodle,7,3.5,mammal,0.25
poodle,7,3.5,dog,0.25
poodle,7,3.5,dalmatian,0.25
siamese cat,7,3.5,animal,0.25
siamese cat,7,3.5,mammal,0.25
siamese cat,7,3.5,dog,0.25
siamese cat,7,3.5,dalmatian,0.25
goldfish,7,3.5,animal,0.25
goldfish,7,3.5,mammal,0.25
goldfish,7,3.5,dog,0.25
goldfish,7,3.5,dalmatian,0.25
dalmatian,7,4,animal,0.25
dalmatian,7,4,mammal,0.25
dalmatian,7,4,dog,0.25
dalmatian,7,4,dalmatian,0.25
poodle,7,4,animal,0.25
poodle,7,4,mammal,0.25
poodle,7,4,dog,0.25
poodle,7,4,dalmatian,0.25
siamese cat,7,4,animal,0.25
siamese cat,7,4,mammal,0.25
siamese cat,7,4,dog,0.25
siamese cat,7,4,dalmatian,0.25
goldfish,7,4,animal,0.25
goldfish,7,4,mammal,0.25
goldfish,7,4,dog,0.25
goldfish,7,4,dalmatian,0.25
dalmatian,7,4.5,animal,0.25
dalmatian,7,4.5,mammal,0.25
dalmatian,7,4.5,dog,0.25
dalmatian,7,4.5,dalmatian,0.25
poodle,7,4.5,animal,0.25
poodle,7,4.5,mammal,0.25
poodle,7,4.5,dog,0.25
poodle,7,4.5,dalmatian,0.25
siamese cat,7,4.5,animal,0.25
siamese cat,7,4.5,mammal,0.25
siamese cat,7,4.5,dog,0.25
siamese cat,7,4.5,dalmatian,0.25
goldfish,7,4.5,animal,0.25
goldfish,7,4.5,mammal,0.25
goldfish,7,4.5,dog,0.25
goldfish,7,4.5,dalmatian,0.25
dalmatian,7,5,animal,0.25
dalmatian,7,5,mammal,0.25
dalmatian,7,5,dog,0.25
dalmatian,7,5,dalmatian,0.25
poodle,7,5,animal,0.25
poodle,7,5,mammal,0.25
poodle,7,5,dog,0.25
poodle,7,5,dalmatian,0.25
siamese cat,7,5,animal,0.25
siamese cat,7,5,mammal,0.25
siamese cat,7,5,dog,0.25
siamese cat,7,5,dalmatian,0.25
goldfish,7,5,animal,0.25
goldfish,7,5,mammal,0.25
goldfish,7,5,dog,0.25
goldfish,7,5,dalmatian,0.25
dalmatian,7,5.5,animal,0.25
dalmatian,7,5.5,mammal,0.25
dalmatian,7,5.5,dog,0.25
dalmatian,7,5.5,dalmatian,0.25
poodle,7,5.5,animal,0.25
poodle,7,5.5,mammal,0.25
poodle,7,5.5,dog,0.25
poodle,7,5.5,dalmatian,0.25
siamese cat,7,5.5,animal,0.25
siamese cat,7,5.5,mammal,0.25
siamese cat,7,5.5,dog,0.25
siamese cat,7,5.5,dalmatian,0.25
goldfish,7,5.5,animal,0.25
goldfish,7,5.5,mammal,0.25
goldfish,7,5.5,dog,0.25
goldfish,7,5.5,dalmatian,0.25
dalmatian,7,6,animal,0.25
dalmatian,7,6,mammal,0.25
dalmatian,7,6,dog,0.25
dalmatian,7,6,dalmatian,0.25
poodle,7,6,animal,0.25
poodle,7,6,mammal,0.25
poodle,7,6,dog,0.25
poodle,7,6,dalmatian,0.25
siamese cat,7,6,animal,0.25
siamese cat,7,6,mammal,0.25
siamese cat,7,6,dog,0.25
siamese cat,7,6,dalmatian,0.25
goldfish,7,6,animal,0.25
goldfish,7,6,mammal,0.25
goldfish,7,6,dog,0.25
goldfish,7,6,dalmatian,0.25
dalmatian,7,6.5,animal,0.25
dalmatian,7,6.5,mammal,0.25
dalmatian,7,6.5,dog,0.25
dalmatian,7,6.5,dalmatian,0.25
poodle,7,6.5,animal,0.25
poodle,7,6.5,mammal,0.25
poodle,7,6.5,dog,0.25
poodle,7,6.5,dalmatian,0.25
siamese cat,7,6.5,animal,0.25
siamese cat,7,6.5,mammal,0.25
siamese cat,7,6.5,dog,0.25
siamese cat,7,6.5,dalmatian,0.25
goldfish,7,6.5,animal,0.25
goldfish,7,6.5,mammal,0.25
goldfish,7,6.5,dog,0.25
goldfish,7,6.5,dalmatian,0.25
dalmatian,7,7,animal,0.25
dalmatian,7,7,mammal,0.25
dalmatian,7,7,dog,0.25
dalmatian,7,7,dalmatian,0.25
poodle,7,7,animal,0.25
poodle,7,7,mammal,0.25
poodle,7,7,dog,0.25
poodle,7,7,dalmatian,0.25
siamese cat,7,7,animal,0.25
siamese cat,7,7,mammal,0.25
siamese cat,7,7,dog,0.25
siamese cat,7,7,dalmatian,0.25
goldfish,7,7,animal,0.25
goldfish,7,7,mammal,0.25
goldfish,7,7,dog,0.25
goldfish,7,7,dalmatian,0.25
dalmatian,7,7.5,animal,0.25
dalmatian,7,7.5,mammal,0.25
dalmatian,7,7.5,dog,0.25
dalmatian,7,7.5,dalmatian,0.25
poodle,7,7.5,animal,0.25
poodle,7,7.5,mammal,0.25
poodle,7,7.5,dog,0.25
poodle,7,7.5,dalmatian,0.25
siamese cat,7,7.5,animal,0.25
siamese cat,7,7.5,mammal,0.25
siamese cat,7,7.5,dog,0.25
siamese cat,7,7.5,dalmatian,0.25
goldfish,7,7.5,animal,0.25
goldfish,7,7.5,mammal,0.25
goldfish,7,7.5,dog,0.25
goldfish,7,7.5,dalmatian,0.25
dalmatian,7.5,1,animal,0.25
dalmatian,7.5,1,mammal,0.25
dalmatian,7.5,1,dog,0.25
dalmatian,7.5,1,dalmatian,0.25
poodle,7.5,1,animal,0.25
poodle,7.5,1,mammal,0.25
poodle,7.5,1,dog,0.25
poodle,7.5,1,dalmatian,0.25
siamese cat,7.5,1,animal,0.25
siamese cat,7.5,1,mammal,0.25
siamese cat,7.5,1,dog,0.25
siamese cat,7.5,1,dalmatian,0.25
goldfish,7.5,1,animal,0.25
goldfish,7.5,1,mammal,0.25
goldfish,7.5,1,dog,0.25
goldfish,7.5,1,dalmatian,0.25
dalmatian,7.5,1.5,animal,0.25
dalmatian,7.5,1.5,mammal,0.25
dalmatian,7.5,1.5,dog,0.25
dalmatian,7.5,1.5,dalmatian,0.25
poodle,7.5,1.5,animal,0.25
poodle,7.5,1.5,mammal,0.25
poodle,7.5,1.5,dog,0.25
poodle,7.5,1.5,dalmatian,0.25
siamese cat,7.5,1.5,animal,0.25
siamese cat,7.5,1.5,mammal,0.25
siamese cat,7.5,1.5,dog,0.25
siamese cat,7.5,1.5,dalmatian,0.25
goldfish,7.5,1.5,animal,0.25
goldfish,7.5,1.5,mammal,0.25
goldfish,7.5,1.5,dog,0.25
goldfish,7.5,1.5,dalmatian,0.25
dalmatian,7.5,2,animal,0.25
dalmatian,7.5,2,mammal,0.25
dalmatian,7.5,2,dog,0.25
dalmatian,7.5,2,dalmatian,0.25
poodle,7.5,2,animal,0.25
poodle,7.5,2,mammal,0.25
poodle,7.5,2,dog,0.25
poodle,7.5,2,dalmatian,0.25
siamese cat,7.5,2,animal,0.25
siamese cat,7.5,2,mammal,0.25
siamese cat,7.5,2,dog,0.25
siamese cat,7.5,2,dalmatian,0.25
goldfish,7.5,2,animal,0.25
goldfish,7.5,2,mammal,0.25
goldfish,7.5,2,dog,0.25
goldfish,7.5,2,dalmatian,0.25
dalmatian,7.5,2.5,animal,0.25
dalmatian,7.5,2.5,mammal,0.25
dalmatian,7.5,2.5,dog,0.25
dalmatian,7.5,2.5,dalmatian,0.25
poodle,7.5,2.5,animal,0.25
poodle,7.5,2.5,mammal,0.25
poodle,7.5,2.5,dog,0.25
poodle,7.5,2.5,dalmatian,0.25
siamese cat,7.5,2.5,animal,0.25
siamese cat,7.5,2.5,mammal,0.25
siamese cat,7.5,2.5,dog,0.25
siamese cat,7.5,2.5,dalmatian,0.25
goldfish,7.5,2.5,animal,0.25
goldfish,7.5,2.5,mammal,0.25
goldfish,7.5,2.5,dog,0.25
goldfish,7.5,2.5,dalmatian,0.25
dalmatian,7.5,3,animal,0.25
dalmatian,7.5,3,mammal,0.25
dalmatian,7.5,3,dog,0.25
dalmatian,7.5,3,dalmatian,0.25
poodle,7.5,3,animal,0.25
poodle,7.5,3,mammal,0.25
poodle,7.5,3,dog,0.25
poodle,7.5,3,dalmatian,0.25
siamese cat,7.5,3,animal,0.25
siamese cat,7.5,3,mammal,0.25
siamese cat,7.5,3,dog,0.25
siamese cat,7.5,3,dalmatian,0.25
goldfish,7.5,3,animal,0.25
goldfish,7.5,3,mammal,0.25
goldfish,7.5,3,dog,0.25
goldfish,7.5,3,dalmatian,0.25
dalmatian,7.5,3.5,animal,0.25
dalmatian,7.5,3.5,mammal,0.25
dalmatian,7.5,3.5,dog,0.25
dalmatian,7.5,3.5,dalmatian,0.25
poodle,7.5,3.5,animal,0.25
poodle,7.5,3.5,mammal,0.25
poodle,7.5,3.5,dog,0.25
poodle,7.5,3.5,dalmatian,0.25
siamese cat,7.5,3.5,animal,0.25
siamese cat,7.5,3.5,mammal,0.25
siamese cat,7.5,3.5,dog,0.25
siamese cat,7.5,3.5,dalmatian,0.25
goldfish,7.5,3.5,animal,0.25
goldfish,7.5,3.5,mammal,0.25
goldfish,7.5,3.5,dog,0.25
goldfish,7.5,3.5,dalmatian,0.25
dalmatian,7.5,4,animal,0.25
dalmatian,7.5,4,mammal,0.25
dalmatian,7.5,4,dog,0.25
dalmatian,7.5,4,dalmatian,0.25
poodle,7.5,4,animal,0.25
poodle,7.5,4,mammal,0.25
poodle,7.5,4,dog,0.25
poodle,7.5,4,dalmatian,0.25
siamese cat,7.5,4,animal,0.25
siamese cat,7.5,4,mammal,0.25
siamese cat,7.5,4,dog,0.25
siamese cat,7.5,4,dalmatian,0.25
goldfish,7.5,4,animal,0.25
goldfish,7.5,4,mammal,0.25
goldfish,7.5,4,dog,0.25
goldfish,7.5,4,dalmatian,0.25
dalmatian,7.5,4.5,animal,0.25
dalmatian,7.5,4.5,mammal,0.25
dalmatian,7.5,4.5,dog,0.25
dalmatian,7.5,4.5,dalmatian,0.25
poodle,7.5,4.5,animal,0.25
poodle,7.5,4.5,mammal,0.25
poodle,7.5,4.5,dog,0.25
poodle,7.5,4.5,dalmatian,0.25
siamese cat,7.5,4.5,animal,0.25
siamese cat,7.5,4.5,mammal,0.25
siamese cat,7.5,4.5,dog,0.25
siamese cat,7.5,4.5,dalmatian,0.25
goldfish,7.5,4.5,animal,0.25
goldfish,7.5,4.5,mammal,0.25
goldfish,7.5,4.5,dog,0.25
goldfish,7.5,4.5,dalmatian,0.25
dalmatian,7.5,5,animal,0.25
dalmatian,7.5,5,mammal,0.25
dalmatian,7.5,5,dog,0.25
dalmatian,7.5,5,dalmatian,0.25
poodle,7.5,5,animal,0.25
poodle,7.5,5,mammal,0.25
poodle,7.5,5,dog,0.25
poodle,7.5,5,dalmatian,0.25
siamese cat,7.5,5,animal,0.25
siamese cat,7.5,5,mammal,0.25
siamese cat,7.5,5,dog,0.25
siamese cat,7.5,5,dalmatian,0.25
goldfish,7.5,5,animal,0.25
goldfish,7.5,5,mammal,0.25
goldfish,7.5,5,dog,0.25
goldfish,7.5,5,dalmatian,0.25
dalmatian,7.5,5.5,animal,0.25
dalmatian,7.5,5.5,mammal,0.25
dalmatian,7.5,5.5,dog,0.25
dalmatian,7.5,5.5,dalmatian,0.25
poodle,7.5,5.5,animal,0.25
poodle,7.5,5.5,mammal,0.25
poodle,7.5,5.5,dog,0.25
poodle,7.5,5.5,dalmatian,0.25
siamese cat,7.5,5.5,animal,0.25
siamese cat,7.5,5.5,mammal,0.25
siamese cat,7.5,5.5,dog,0.25
siamese cat,7.5,5.5,dalmatian,0.25
goldfish,7.5,5.5,animal,0.25
goldfish,7.5,5.5,mammal,0.25
goldfish,7.5,5.5,dog,0.25
goldfish,7.5,5.5,dalmatian,0.25
dalmatian,7.5,6,animal,0.25
dalmatian,7.5,6,mammal,0.25
dalmatian,7.5,6,dog,0.25
dalmatian,7.5,6,dalmatian,0.25
poodle,7.5,6,animal,0.25
poodle,7.5,6,mammal,0.25
poodle,7.5,6,dog,0.25
poodle,7.5,6,dalmatian,0.25
siamese cat,7.5,6,animal,0.25
siamese cat,7.5,6,mammal,0.25
siamese cat,7.5,6,dog,0.25
siamese cat,7.5,6,dalmatian,0.25
goldfish,7.5,6,animal,0.25
goldfish,7.5,6,mammal,0.25
goldfish,7.5,6,dog,0.25
goldfish,7.5,6,dalmatian,0.25
dalmatian,7.5,6.5,animal,0.25
dalmatian,7.5,6.5,mammal,0.25
dalmatian,7.5,6.5,dog,0.25
dalmatian,7.5,6.5,dalmatian,0.25
poodle,7.5,6.5,animal,0.25
poodle,7.5,6.5,mammal,0.25
poodle,7.5,6.5,dog,0.25
poodle,7.5,6.5,dalmatian,0.25
siamese cat,7.5,6.5,animal,0.25
siamese cat,7.5,6.5,mammal,0.25
siamese cat,7.5,6.5,dog,0.25
siamese cat,7.5,6.5,dalmatian,0.25
goldfish,7.5,6.5,animal,0.25
goldfish,7.5,6.5,mammal,0.25
goldfish,7.5,6.5,dog,0.25
goldfish,7.5,6.5,dalmatian,0.25
dalmatian,7.5,7,animal,0.25
dalmatian,7.5,7,mammal,0.25
dalmatian,7.5,7,dog,0.25
dalmatian,7.5,7,dalmatian,0.25
poodle,7.5,7,animal,0.25
poodle,7.5,7,mammal,0.25
poodle,7.5,7,dog,0.25
poodle,7.5,7,dalmatian,0.25
siamese cat,7.5,7,animal,0.25
siamese cat,7.5,7,mammal,0.25
siamese cat,7.5,7,dog,0.25
siamese cat,7.5,7,dalmatian,0.25
goldfish,7.5,7,animal,0.25
goldfish,7.5,7,mammal,0.25
goldfish,7.5,7,dog,0.25
goldfish,7.5,7,dalmatian,0.25
dalmatian,7.5,7.5,animal,0.25
dalmatian,7.5,7.5,mammal,0.25
dalmatian,7.5,7.5,dog,0.25
dalmatian,7.5,7.5,dalmatian,0.25
poodle,7.5,7.5,animal,0.25
poodle,7.5,7.5,mammal,0.25
poodle,7.5,7.5,dog,0.25
poodle,7.5,7.5,dalmatian,0.25
siamese cat,7.5,7.5,animal,0.25
siamese cat,7.5,7.5,mammal,0.25
siamese cat,7.5,7.5,dog,0.25
siamese cat,7.5,7.5,dalmatian,0.25
goldfish,7.5,7.5,animal,0.25
goldfish,7.5,7.5,mammal,0.25
goldfish,7.5,7.5,dog,0.25
goldfish,7.5,7.5,dalmatian,0.25
