domain,goal,question,guess,answer,type,gameid
places,office,building,true,office,branching,"""3469-1"""
animals,golden retriever,pet,true,golden retriever,overlapping,"""3469-1"""
artifact,metal chair,seat,true,wooden chair,equivocal,"""3469-1"""
plants,carrots,carrots,true,carrots,overlapping,"""3469-1"""
artifact,wooden ruler,thing,true,wooden ruler,overlapping,"""3469-1"""
plants,sunflower,plant,true,dead flower,branching,"""3469-1"""
places,sunny beach,outdoor place,true,sunny beach,equivocal,"""3469-1"""
artifact,couch,couch,true,couch,branching,"""3469-1"""
animals,angler fish,fish,true,angler fish,equivocal,"""3469-1"""
plants,tomatos,food,false,burger,equivocal,"""3469-1"""
places,dive bar,bar,true,hotel lobby,overlapping,"""3469-1"""
animals,whale,animal,true,whale,branching,"""3469-1"""
animals,goldfish,fish,true,goldfish,equivocal,"""7461-2"""
artifact,table,furniture,true,table,branching,"""7461-2"""
plants,lettuce,leaves,true,oak,overlapping,"""7461-2"""
animals,golden retriever,pet,true,golden retriever,overlapping,"""7461-2"""
places,office,building,true,office,branching,"""7461-2"""
plants,sunflower,plant,true,sunflower,equivocal,"""7461-2"""
animals,siamese cat,dog,false,poodle,branching,"""7461-2"""
artifact,metal chair,seat,false,wooden chair,equivocal,"""7461-2"""
places,dive bar,bar,false,hotel lobby,overlapping,"""7461-2"""
artifact,iron skillet,skillet,true,iron skillet,overlapping,"""7461-2"""
plants,carrot,carrot,true,carrot,branching,"""7461-2"""
places,snowy forest,cold place,false,snowy mountain,equivocal,"""7461-2"""
places,ice hotel room,outdoor place,false,snowy mountain,equivocal,"""4644-e"""
artifact,chair,seat,true,chair,branching,"""4644-e"""
animals,siamese cat,pet,false,dalmatian,branching,"""4644-e"""
animals,goldfish,fish,true,betta fish,equivocal,"""4644-e"""
plants,sunflower,living plant,true,sunflower,branching,"""4644-e"""
plants,sunflower,plant,true,sunflower,equivocal,"""4644-e"""
artifact,wooden chair,seat,true,metal chair,overlapping,"""4644-e"""
places,mansion,mansion,true,mansion,branching,"""4644-e"""
plants,oak,leaves,true,oak,overlapping,"""4644-e"""
places,diner,diner,true,diner,overlapping,"""4644-e"""
artifact,metal chair,metal thing,false,iron skillet,equivocal,"""4644-e"""
animals,golden retriever,pet,true,golden retriever,overlapping,"""4644-e"""
plants,tomatos,food,true,tomatos,branching,"""9924-8"""
artifact,iron skillet,metal thing,true,iron skillet,equivocal,"""9924-8"""
animals,whale,animal,true,whale,overlapping,"""9924-8"""
plants,flower,plant,true,flower,overlapping,"""9924-8"""
animals,whale,animal,true,whale,branching,"""9924-8"""
places,cottage,house,true,cottage,branching,"""9924-8"""
artifact,iron skillet,skillet,true,iron skillet,overlapping,"""9924-8"""
animals,dalmatian,pet,true,dalmatian,equivocal,"""9924-8"""
places,park,place,true,park,overlapping,"""9924-8"""
places,snowy mountain,cold place,true,ice hotel room,equivocal,"""9924-8"""
artifact,couch,couch,true,couch,branching,"""9924-8"""
plants,burger,food,true,burger,equivocal,"""9924-8"""
plants,dead flower,living plant,false,sunflower,branching,"""6431-5"""
plants,sunflower,plant,true,sunflower,equivocal,"""6431-5"""
places,sunny beach,outdoor place,true,sunny beach,equivocal,"""6431-5"""
places,cottage,house,true,cottage,branching,"""6431-5"""
artifact,table,furniture,true,table,branching,"""6431-5"""
animals,siamese cat,pet,true,siamese cat,branching,"""6431-5"""
artifact,metal chair,metal thing,false,wooden ruler,overlapping,"""6431-5"""
animals,lion,lion,true,lion,overlapping,"""6431-5"""
animals,dalmatian,pet,true,dalmatian,equivocal,"""6431-5"""
places,park,place,true,park,overlapping,"""6431-5"""
artifact,metal chair,metal thing,false,iron skillet,equivocal,"""6431-5"""
plants,flower,plant,true,flower,overlapping,"""6431-5"""
animals,siamese cat,dog,true,dalmatian,branching,"""9007-4"""
places,snowy forest,cold place,true,snowy mountain,equivocal,"""9007-4"""
places,hotel lobby,bar,true,hotel lobby,overlapping,"""9007-4"""
artifact,metal chair,seat,true,wooden chair,overlapping,"""9007-4"""
animals,lion,lion,true,lion,overlapping,"""9007-4"""
plants,lettuce,food,false,oak,overlapping,"""9007-4"""
animals,dalmatian,pet,true,dalmatian,equivocal,"""9007-4"""
artifact,iron skillet,metal thing,true,iron skillet,equivocal,"""9007-4"""
artifact,table,furniture,true,table,branching,"""9007-4"""
plants,carrot,food,false,burger,equivocal,"""9007-4"""
plants,dead flower,plant,true,dead flower,branching,"""9007-4"""
places,park,place,true,park,branching,"""9007-4"""
artifact,wooden chair,seat,true,metal chair,equivocal,"""7503-b"""
plants,sunflower,living plant,false,tomatos,branching,"""7503-b"""
animals,whale,animal,true,whale,branching,"""7503-b"""
plants,lettuce,food,false,carrots,overlapping,"""7503-b"""
animals,lion,lion,true,lion,overlapping,"""7503-b"""
places,dive bar,bar,false,hotel lobby,overlapping,"""7503-b"""
artifact,lawnmower,thing,true,lawnmower,branching,"""7503-b"""
animals,dalmatian,pet,true,dalmatian,equivocal,"""7503-b"""
plants,carrot,plant,false,sunflower,equivocal,"""7503-b"""
artifact,wooden chair,seat,true,wooden chair,overlapping,"""7503-b"""
places,park,place,true,park,branching,"""7503-b"""
places,sunny beach,outdoor place,true,sunny beach,equivocal,"""7503-b"""
places,park,place,true,park,overlapping,"""3663-6"""
places,office,building,true,office,branching,"""3663-6"""
plants,carrots,carrots,true,carrots,overlapping,"""3663-6"""
places,snowy mountain,cold place,true,ice hotel room,equivocal,"""3663-6"""
plants,burger,food,true,tomatos,equivocal,"""3663-6"""
artifact,couch,couch,true,couch,branching,"""3663-6"""
animals,lion,lion,true,lion,overlapping,"""3663-6"""
artifact,iron skillet,skillet,false,wooden ruler,overlapping,"""3663-6"""
artifact,metal stool,seat,false,wooden chair,equivocal,"""3663-6"""
animals,angler fish,fish,false,goldfish,equivocal,"""3663-6"""
animals,siamese cat,pet,true,siamese cat,branching,"""3663-6"""
plants,sunflower,living plant,false,tomatos,branching,"""3663-6"""
artifact,metal chair,metal thing,true,metal chair,equivocal,"""7589-f"""
plants,carrot,plant,true,sunflower,equivocal,"""7589-f"""
artifact,metal chair,metal thing,true,metal chair,overlapping,"""7589-f"""
artifact,chair,seat,true,chair,branching,"""7589-f"""
places,snowy mountain,cold place,true,snowy mountain,equivocal,"""7589-f"""
plants,oak,leaves,true,oak,overlapping,"""7589-f"""
animals,angler fish,fish,true,angler fish,equivocal,"""7589-f"""
places,diner,diner,true,diner,overlapping,"""7589-f"""
animals,whale,animal,true,whale,overlapping,"""7589-f"""
places,office,building,true,office,branching,"""7589-f"""
animals,dalmatian,dalmatian,true,dalmatian,branching,"""7589-f"""
plants,dead flower,plant,true,dead flower,branching,"""7589-f"""
animals,angler fish,fish,false,goldfish,equivocal,"""1956-0"""
artifact,chair,seat,true,chair,branching,"""1956-0"""
artifact,wooden chair,seat,true,wooden chair,overlapping,"""1956-0"""
places,park,place,true,park,overlapping,"""1956-0"""
animals,siamese cat,pet,true,siamese cat,branching,"""1956-0"""
artifact,metal chair,seat,false,wooden chair,equivocal,"""1956-0"""
plants,carrots,carrots,true,carrots,overlapping,"""1956-0"""
places,mansion,mansion,true,mansion,branching,"""1956-0"""
plants,carrot,plant,false,sunflower,equivocal,"""1956-0"""
animals,whale,animal,true,whale,overlapping,"""1956-0"""
places,snowy forest,outdoor place,false,sunny beach,equivocal,"""1956-0"""
plants,carrot,carrot,true,carrot,branching,"""1956-0"""
animals,goldfish,fish,true,goldfish,equivocal,"""6590-a"""
places,hotel lobby,restaurant,false,diner,overlapping,"""6590-a"""
plants,flower,plant,true,flower,overlapping,"""6590-a"""
animals,lion,lion,true,lion,overlapping,"""6590-a"""
artifact,wooden ruler,thing,true,wooden ruler,overlapping,"""6590-a"""
places,mansion,mansion,true,mansion,branching,"""6590-a"""
plants,carrot,food,true,burger,equivocal,"""6590-a"""
artifact,iron skillet,metal thing,false,metal stool,equivocal,"""6590-a"""
places,snowy mountain,cold place,false,snowy forest,equivocal,"""6590-a"""
artifact,chair,seat,true,chair,branching,"""6590-a"""
animals,siamese cat,pet,true,siamese cat,branching,"""6590-a"""
plants,dead flower,plant,true,dead flower,branching,"""6590-a"""
places,hotel lobby,bar,true,hotel lobby,overlapping,"""1373-5"""
places,ice hotel room,cold place,false,snowy forest,equivocal,"""1373-5"""
plants,tomatos,plant,false,sunflower,equivocal,"""1373-5"""
artifact,metal stool,seat,false,wooden chair,equivocal,"""1373-5"""
animals,siamese cat,pet,true,siamese cat,branching,"""1373-5"""
places,mansion,mansion,true,mansion,branching,"""1373-5"""
animals,lion,lion,true,lion,overlapping,"""1373-5"""
animals,angler fish,fish,true,angler fish,equivocal,"""1373-5"""
artifact,wooden ruler,thing,true,wooden ruler,overlapping,"""1373-5"""
plants,flower,plant,true,flower,overlapping,"""1373-5"""
artifact,lawnmower,thing,true,lawnmower,branching,"""1373-5"""
plants,tomatos,living plant,true,sunflower,branching,"""1373-5"""
places,park,place,true,park,branching,"""7715-e"""
animals,poodle,pet,false,siamese cat,branching,"""7715-e"""
places,diner,diner,true,diner,overlapping,"""7715-e"""
artifact,wooden chair,seat,true,wooden chair,overlapping,"""7715-e"""
places,snowy forest,cold place,true,ice hotel room,equivocal,"""7715-e"""
animals,angler fish,fish,true,angler fish,equivocal,"""7715-e"""
plants,dead flower,plant,true,dead flower,branching,"""7715-e"""
animals,house cat,cat,true,house cat,overlapping,"""7715-e"""
artifact,lawnmower,thing,true,lawnmower,branching,"""7715-e"""
artifact,wooden chair,seat,true,wooden chair,equivocal,"""7715-e"""
plants,flower,plant,true,flower,overlapping,"""7715-e"""
plants,carrot,plant,false,sunflower,equivocal,"""7715-e"""
artifact,couch,couch,true,couch,branching,"""9711-7"""
animals,poodle,dog,true,poodle,branching,"""9711-7"""
animals,dalmatian,pet,true,dalmatian,equivocal,"""9711-7"""
artifact,iron skillet,metal thing,true,iron skillet,equivocal,"""9711-7"""
plants,tomatos,food,true,tomatos,branching,"""9711-7"""
plants,tomatos,food,false,burger,equivocal,"""9711-7"""
animals,whale,animal,true,whale,overlapping,"""9711-7"""
places,snowy forest,outdoor place,true,sunny beach,equivocal,"""9711-7"""
plants,oak,leaves,true,oak,overlapping,"""9711-7"""
artifact,metal chair,seat,true,wooden chair,overlapping,"""9711-7"""
places,park,place,true,park,overlapping,"""9711-7"""
places,office,building,true,office,branching,"""9711-7"""
plants,tomatos,living plant,true,tomatos,branching,"""5305-5"""
artifact,metal chair,seat,true,metal chair,equivocal,"""5305-5"""
places,ice hotel room,cold place,false,snowy forest,equivocal,"""5305-5"""
artifact,table,furniture,true,couch,branching,"""5305-5"""
plants,carrots,carrots,true,carrots,overlapping,"""5305-5"""
plants,tomatos,plant,true,tomatos,equivocal,"""5305-5"""
animals,siamese cat,pet,false,dalmatian,branching,"""5305-5"""
artifact,wooden ruler,thing,true,wooden ruler,overlapping,"""5305-5"""
places,office,building,true,office,branching,"""5305-5"""
places,park,place,true,park,overlapping,"""5305-5"""
animals,whale,animal,true,whale,overlapping,"""5305-5"""
animals,dalmatian,pet,true,dalmatian,equivocal,"""5305-5"""
animals,siamese cat,pet,true,siamese cat,branching,"""8639-d"""
plants,burger,food,true,burger,equivocal,"""8639-d"""
artifact,couch,couch,true,couch,branching,"""8639-d"""
artifact,metal chair,metal thing,true,metal chair,overlapping,"""8639-d"""
plants,carrots,carrots,true,carrots,overlapping,"""8639-d"""
animals,angler fish,fish,true,angler fish,equivocal,"""8639-d"""
animals,house cat,cat,true,house cat,overlapping,"""8639-d"""
plants,dead flower,plant,true,dead flower,branching,"""8639-d"""
artifact,metal stool,metal thing,true,iron skillet,equivocal,"""8639-d"""
places,office,building,true,office,branching,"""8639-d"""
places,diner,diner,true,diner,overlapping,"""8639-d"""
places,ice hotel room,cold place,true,ice hotel room,equivocal,"""8639-d"""
places,dive bar,bar,false,hotel lobby,overlapping,"""6247-3"""
places,cottage,house,true,cottage,branching,"""6247-3"""
artifact,lawnmower,thing,true,lawnmower,branching,"""6247-3"""
plants,carrot,plant,false,sunflower,equivocal,"""6247-3"""
plants,oak,leaves,true,oak,overlapping,"""6247-3"""
animals,dalmatian,pet,false,goldfish,equivocal,"""6247-3"""
artifact,iron skillet,metal thing,true,iron skillet,equivocal,"""6247-3"""
animals,siamese cat,pet,true,siamese cat,branching,"""6247-3"""
plants,sunflower,living plant,true,sunflower,branching,"""6247-3"""
animals,lion,lion,true,lion,overlapping,"""6247-3"""
places,ice hotel room,cold place,true,snowy forest,equivocal,"""6247-3"""
artifact,wooden ruler,thing,true,wooden ruler,overlapping,"""6247-3"""
places,cottage,building,false,office,branching,"""3058-f"""
plants,carrots,carrots,true,carrots,overlapping,"""3058-f"""
artifact,table,furniture,true,table,branching,"""3058-f"""
artifact,metal chair,metal thing,false,iron skillet,equivocal,"""3058-f"""
plants,sunflower,living plant,false,dead flower,branching,"""3058-f"""
plants,carrot,food,false,burger,equivocal,"""3058-f"""
places,snowy forest,cold place,true,ice hotel room,equivocal,"""3058-f"""
artifact,wooden ruler,thing,true,wooden ruler,overlapping,"""3058-f"""
animals,angler fish,fish,true,angler fish,equivocal,"""3058-f"""
places,diner,diner,true,diner,overlapping,"""3058-f"""
animals,poodle,dog,true,poodle,branching,"""3058-f"""
animals,whale,animal,true,whale,overlapping,"""3058-f"""
animals,lion,lion,true,lion,overlapping,"""0899-a"""
animals,betta fish,fish,false,betta fish,equivocal,"""0899-a"""
places,sunny beach,outdoor place,true,sunny beach,equivocal,"""0899-a"""
plants,lettuce,leaves,false,oak,overlapping,"""0899-a"""
plants,tomatos,living plant,true,tomatos,branching,"""0899-a"""
artifact,iron skillet,metal thing,true,iron skillet,equivocal,"""0899-a"""
plants,carrot,food,false,burger,equivocal,"""0899-a"""
places,diner,diner,true,diner,overlapping,"""0899-a"""
animals,dalmatian,dalmatian,true,dalmatian,branching,"""0899-a"""
places,park,place,true,park,branching,"""0899-a"""
artifact,wooden chair,seat,true,wooden chair,overlapping,"""0899-a"""
artifact,table,furniture,true,table,branching,"""0899-a"""
artifact,wooden chair,seat,true,wooden chair,equivocal,"""1631-1"""
artifact,iron skillet,skillet,true,iron skillet,overlapping,"""1631-1"""
places,park,place,true,park,overlapping,"""1631-1"""
artifact,chair,seat,true,couch,branching,"""1631-1"""
places,snowy forest,cold place,false,snowy mountain,equivocal,"""1631-1"""
places,office,building,true,office,branching,"""1631-1"""
animals,whale,animal,true,whale,overlapping,"""1631-1"""
animals,dalmatian,pet,true,dalmatian,equivocal,"""1631-1"""
plants,tomatos,food,true,tomatos,branching,"""1631-1"""
animals,dalmatian,dalmatian,true,dalmatian,branching,"""1631-1"""
plants,sunflower,plant,true,sunflower,equivocal,"""1631-1"""
plants,oak,leaves,true,oak,overlapping,"""1631-1"""
animals,dalmatian,pet,true,dalmatian,equivocal,"""9870-9"""
artifact,table,furniture,true,table,branching,"""9870-9"""
animals,lion,lion,true,lion,overlapping,"""9870-9"""
places,cottage,house,true,cottage,branching,"""9870-9"""
plants,flower,plant,true,lettuce,overlapping,"""9870-9"""
plants,tomatos,food,true,tomatos,branching,"""9870-9"""
animals,siamese cat,pet,true,siamese cat,branching,"""9870-9"""
places,ice hotel room,cold place,false,snowy forest,equivocal,"""9870-9"""
plants,sunflower,plant,true,sunflower,equivocal,"""9870-9"""
artifact,metal chair,metal thing,false,iron skillet,equivocal,"""9870-9"""
places,park,place,true,park,overlapping,"""9870-9"""
artifact,wooden chair,seat,true,wooden chair,overlapping,"""9870-9"""
animals,poodle,dog,true,poodle,branching,"""3874-a"""
artifact,metal chair,metal thing,true,metal chair,overlapping,"""3874-a"""
animals,betta fish,fish,true,angler fish,equivocal,"""3874-a"""
places,ice hotel room,cold place,true,snowy forest,equivocal,"""3874-a"""
plants,oak,leaves,true,oak,overlapping,"""3874-a"""
plants,carrot,carrot,true,carrot,branching,"""3874-a"""
artifact,chair,seat,true,chair,branching,"""3874-a"""
artifact,metal stool,seat,false,wooden chair,equivocal,"""3874-a"""
animals,house cat,cat,true,house cat,overlapping,"""3874-a"""
plants,sunflower,plant,true,sunflower,equivocal,"""3874-a"""
places,park,place,true,park,overlapping,"""3874-a"""
places,office,building,true,office,branching,"""3874-a"""
places,snowy forest,cold place,true,snowy forest,equivocal,"""2935-e"""
plants,lettuce,leaves,true,oak,overlapping,"""2935-e"""
animals,betta fish,fish,false,angler fish,equivocal,"""2935-e"""
places,cottage,house,true,cottage,branching,"""2935-e"""
artifact,metal chair,seat,true,metal chair,equivocal,"""2935-e"""
places,diner,diner,true,diner,overlapping,"""2935-e"""
artifact,wooden ruler,thing,true,iron skillet,overlapping,"""2935-e"""
animals,poodle,pet,true,siamese cat,branching,"""2935-e"""
plants,sunflower,plant,true,sunflower,equivocal,"""2935-e"""
plants,dead flower,plant,true,dead flower,branching,"""2935-e"""
animals,house cat,cat,true,lion,overlapping,"""2935-e"""
artifact,lawnmower,thing,true,lawnmower,branching,"""2935-e"""
animals,golden retriever,pet,true,golden retriever,overlapping,"""4197-2"""
plants,tomatos,food,true,carrot,branching,"""4197-2"""
animals,siamese cat,pet,false,dalmatian,branching,"""4197-2"""
places,ice hotel room,cold place,false,snowy forest,equivocal,"""4197-2"""
artifact,wooden chair,seat,true,wooden chair,equivocal,"""4197-2"""
places,hotel lobby,bar,true,hotel lobby,overlapping,"""4197-2"""
places,mansion,mansion,true,mansion,branching,"""4197-2"""
animals,goldfish,fish,false,angler fish,equivocal,"""4197-2"""
plants,carrot,food,false,burger,equivocal,"""4197-2"""
artifact,chair,seat,true,chair,branching,"""4197-2"""
plants,carrots,carrots,true,carrots,overlapping,"""4197-2"""
artifact,iron skillet,skillet,true,iron skillet,overlapping,"""4197-2"""
artifact,iron skillet,skillet,true,iron skillet,overlapping,"""8457-8"""
places,snowy forest,cold place,true,snowy forest,equivocal,"""8457-8"""
plants,burger,food,true,burger,equivocal,"""8457-8"""
animals,goldfish,fish,false,angler fish,equivocal,"""8457-8"""
plants,carrot,carrot,true,carrot,branching,"""8457-8"""
animals,dalmatian,dalmatian,true,dalmatian,branching,"""8457-8"""
places,dive bar,bar,true,dive bar,overlapping,"""8457-8"""
artifact,table,furniture,true,table,branching,"""8457-8"""
places,cottage,house,true,cottage,branching,"""8457-8"""
plants,oak,leaves,true,oak,overlapping,"""8457-8"""
artifact,iron skillet,metal thing,true,iron skillet,equivocal,"""8457-8"""
animals,lion,lion,true,lion,overlapping,"""8457-8"""
plants,dead flower,plant,true,dead flower,branching,"""0684-3"""
places,snowy forest,cold place,false,ice hotel room,equivocal,"""0684-3"""
plants,carrots,carrots,true,carrots,overlapping,"""0684-3"""
animals,golden retriever,pet,true,golden retriever,overlapping,"""0684-3"""
plants,burger,food,true,burger,equivocal,"""0684-3"""
artifact,iron skillet,skillet,true,iron skillet,overlapping,"""0684-3"""
animals,betta fish,fish,true,angler fish,equivocal,"""0684-3"""
places,park,place,true,park,branching,"""0684-3"""
animals,whale,animal,true,whale,branching,"""0684-3"""
artifact,metal stool,seat,true,wooden chair,equivocal,"""0684-3"""
artifact,table,furniture,true,table,branching,"""0684-3"""
places,dive bar,bar,false,hotel lobby,overlapping,"""0684-3"""
animals,angler fish,fish,true,goldfish,equivocal,"""0768-3"""
plants,carrot,carrot,true,carrot,branching,"""0768-3"""
places,sunny beach,cold place,false,ice hotel room,equivocal,"""0768-3"""
animals,siamese cat,pet,true,siamese cat,branching,"""0768-3"""
places,mansion,mansion,true,mansion,branching,"""0768-3"""
artifact,lawnmower,thing,true,lawnmower,branching,"""0768-3"""
plants,carrot,plant,false,sunflower,equivocal,"""0768-3"""
artifact,metal stool,seat,false,metal chair,equivocal,"""0768-3"""
plants,carrots,carrots,true,carrots,overlapping,"""0768-3"""
artifact,iron skillet,skillet,true,iron skillet,overlapping,"""0768-3"""
animals,lion,lion,true,lion,overlapping,"""0768-3"""
places,park,place,true,park,overlapping,"""0768-3"""
artifact,metal chair,metal thing,true,metal chair,overlapping,"""3264-2"""
places,mansion,mansion,true,mansion,branching,"""3264-2"""
animals,whale,animal,true,whale,branching,"""3264-2"""
animals,dalmatian,pet,true,dalmatian,equivocal,"""3264-2"""
animals,golden retriever,pet,true,golden retriever,overlapping,"""3264-2"""
artifact,lawnmower,thing,true,lawnmower,branching,"""3264-2"""
artifact,metal chair,metal thing,true,metal chair,equivocal,"""3264-2"""
places,ice hotel room,cold place,true,ice hotel room,equivocal,"""3264-2"""
plants,tomatos,plant,false,sunflower,equivocal,"""3264-2"""
plants,oak,leaves,true,oak,overlapping,"""3264-2"""
places,park,place,true,park,overlapping,"""3264-2"""
plants,carrot,food,false,tomatos,branching,"""3264-2"""
places,diner,diner,true,diner,overlapping,"""0356-d"""
places,cottage,house,true,cottage,branching,"""0356-d"""
plants,lettuce,food,true,lettuce,overlapping,"""0356-d"""
artifact,wooden chair,seat,true,wooden chair,overlapping,"""0356-d"""
animals,house cat,cat,true,house cat,overlapping,"""0356-d"""
places,ice hotel room,cold place,false,snowy forest,equivocal,"""0356-d"""
animals,whale,animal,true,whale,branching,"""0356-d"""
plants,carrot,carrot,true,carrot,branching,"""0356-d"""
plants,burger,food,true,burger,equivocal,"""0356-d"""
artifact,chair,seat,true,chair,branching,"""0356-d"""
artifact,iron skillet,metal thing,true,iron skillet,equivocal,"""0356-d"""
animals,goldfish,fish,true,goldfish,equivocal,"""0356-d"""
plants,burger,food,true,burger,equivocal,"""6294-d"""
places,park,place,true,park,branching,"""6294-d"""
places,snowy forest,outdoor place,false,sunny beach,equivocal,"""6294-d"""
plants,dead flower,plant,true,dead flower,branching,"""6294-d"""
artifact,metal stool,seat,false,wooden chair,equivocal,"""6294-d"""
plants,lettuce,plant,true,flower,overlapping,"""6294-d"""
animals,whale,animal,true,whale,branching,"""6294-d"""
animals,house cat,cat,true,house cat,overlapping,"""6294-d"""
animals,angler fish,fish,true,angler fish,equivocal,"""6294-d"""
places,park,place,true,park,overlapping,"""6294-d"""
artifact,chair,seat,true,chair,branching,"""6294-d"""
artifact,iron skillet,skillet,true,iron skillet,overlapping,"""6294-d"""
places,dive bar,restaurant,false,diner,overlapping,"""5703-6"""
artifact,wooden chair,seat,false,metal chair,equivocal,"""5703-6"""
plants,burger,food,true,burger,equivocal,"""5703-6"""
plants,carrots,carrots,true,carrots,overlapping,"""5703-6"""
animals,whale,animal,true,whale,branching,"""5703-6"""
plants,sunflower,plant,true,dead flower,branching,"""5703-6"""
artifact,iron skillet,skillet,true,iron skillet,overlapping,"""5703-6"""
animals,golden retriever,pet,true,golden retriever,overlapping,"""5703-6"""
places,snowy mountain,outdoor place,false,snowy forest,equivocal,"""5703-6"""
places,park,place,true,park,branching,"""5703-6"""
animals,betta fish,fish,false,angler fish,equivocal,"""5703-6"""
artifact,table,thing,false,lawnmower,branching,"""5703-6"""
places,dive bar,bar,false,diner,overlapping,"""9743-0"""
plants,tomatos,plant,true,sunflower,equivocal,"""9743-0"""
animals,whale,animal,true,golden retriever,overlapping,"""9743-0"""
places,park,place,true,mansion,branching,"""9743-0"""
places,ice hotel room,cold place,false,snowy forest,equivocal,"""9743-0"""
animals,dalmatian,pet,true,dalmatian,equivocal,"""9743-0"""
artifact,iron skillet,metal thing,true,iron skillet,equivocal,"""9743-0"""
artifact,wooden ruler,thing,true,wooden ruler,overlapping,"""9743-0"""
plants,tomatos,food,false,carrot,branching,"""9743-0"""
plants,carrots,carrots,true,carrots,overlapping,"""9743-0"""
animals,siamese cat,pet,true,dalmatian,branching,"""9743-0"""
artifact,table,furniture,true,couch,branching,"""9743-0"""
artifact,wooden chair,seat,true,wooden chair,overlapping,"""3543-4"""
artifact,metal stool,metal thing,true,metal stool,equivocal,"""3543-4"""
animals,house cat,cat,true,house cat,overlapping,"""3543-4"""
plants,carrots,carrots,true,carrots,overlapping,"""3543-4"""
artifact,couch,couch,true,couch,branching,"""3543-4"""
animals,poodle,dog,false,poodle,branching,"""3543-4"""
animals,dalmatian,pet,true,dalmatian,equivocal,"""3543-4"""
places,sunny beach,outdoor place,true,snowy mountain,equivocal,"""3543-4"""
places,park,place,true,park,overlapping,"""3543-4"""
plants,carrot,food,true,burger,equivocal,"""3543-4"""
places,cottage,house,true,cottage,branching,"""3543-4"""
plants,sunflower,plant,false,dead flower,branching,"""3543-4"""
animals,goldfish,pet,false,dalmatian,equivocal,"""2571-e"""
animals,poodle,dog,false,dalmatian,branching,"""2571-e"""
places,snowy forest,cold place,true,snowy forest,equivocal,"""2571-e"""
animals,lion,lion,true,lion,overlapping,"""2571-e"""
places,hotel lobby,bar,true,hotel lobby,overlapping,"""2571-e"""
places,office,building,true,office,branching,"""2571-e"""
plants,dead flower,plant,true,dead flower,branching,"""2571-e"""
artifact,iron skillet,metal thing,true,iron skillet,equivocal,"""2571-e"""
plants,burger,food,true,burger,equivocal,"""2571-e"""
plants,flower,plant,true,flower,overlapping,"""2571-e"""
artifact,iron skillet,skillet,true,iron skillet,overlapping,"""2571-e"""
artifact,lawnmower,thing,true,lawnmower,branching,"""2571-e"""
artifact,wooden chair,seat,false,metal chair,equivocal,"""7923-3"""
artifact,wooden ruler,thing,true,wooden ruler,overlapping,"""7923-3"""
animals,angler fish,fish,true,goldfish,equivocal,"""7923-3"""
plants,sunflower,living plant,true,sunflower,branching,"""7923-3"""
artifact,couch,couch,true,couch,branching,"""7923-3"""
places,office,building,true,office,branching,"""7923-3"""
animals,whale,animal,true,whale,overlapping,"""7923-3"""
places,dive bar,bar,true,hotel lobby,overlapping,"""7923-3"""
places,sunny beach,outdoor place,true,sunny beach,equivocal,"""7923-3"""
animals,siamese cat,pet,true,siamese cat,branching,"""7923-3"""
plants,flower,plant,true,flower,overlapping,"""7923-3"""
plants,carrot,food,false,burger,equivocal,"""7923-3"""
places,park,place,true,park,branching,"""0922-5"""
animals,lion,lion,true,lion,overlapping,"""0922-5"""
artifact,metal chair,metal thing,true,metal chair,overlapping,"""0922-5"""
artifact,metal chair,metal thing,true,metal chair,equivocal,"""0922-5"""
animals,dalmatian,pet,true,dalmatian,equivocal,"""0922-5"""
places,hotel lobby,place,true,park,overlapping,"""0922-5"""
plants,tomatos,food,false,burger,equivocal,"""0922-5"""
animals,whale,animal,true,whale,branching,"""0922-5"""
places,snowy mountain,outdoor place,true,sunny beach,equivocal,"""0922-5"""
plants,flower,plant,true,flower,overlapping,"""0922-5"""
plants,dead flower,plant,true,dead flower,branching,"""0922-5"""
artifact,lawnmower,thing,true,lawnmower,branching,"""0922-5"""
plants,sunflower,plant,true,dead flower,branching,"""5372-e"""
animals,whale,animal,true,whale,branching,"""5372-e"""
artifact,table,furniture,true,table,branching,"""5372-e"""
plants,flower,plant,true,flower,overlapping,"""5372-e"""
animals,goldfish,fish,true,angler fish,equivocal,"""5372-e"""
places,ice hotel room,cold place,true,snowy forest,equivocal,"""5372-e"""
plants,burger,food,true,burger,equivocal,"""5372-e"""
places,diner,diner,true,diner,overlapping,"""5372-e"""
artifact,metal chair,seat,true,metal chair,equivocal,"""5372-e"""
places,office,building,true,office,branching,"""5372-e"""
artifact,metal chair,seat,false,wooden chair,overlapping,"""5372-e"""
animals,house cat,cat,true,house cat,overlapping,"""5372-e"""
plants,flower,plant,true,lettuce,overlapping,"""8940-f"""
animals,dalmatian,pet,true,dalmatian,equivocal,"""8940-f"""
places,cottage,house,true,cottage,branching,"""8940-f"""
animals,golden retriever,pet,true,golden retriever,overlapping,"""8940-f"""
artifact,wooden chair,seat,true,wooden chair,equivocal,"""8940-f"""
plants,carrot,food,true,burger,equivocal,"""8940-f"""
places,ice hotel room,cold place,false,snowy forest,equivocal,"""8940-f"""
plants,dead flower,plant,false,sunflower,branching,"""8940-f"""
animals,siamese cat,pet,true,siamese cat,branching,"""8940-f"""
artifact,wooden ruler,thing,true,wooden ruler,overlapping,"""8940-f"""
places,dive bar,bar,true,dive bar,overlapping,"""8940-f"""
artifact,table,furniture,true,table,branching,"""8940-f"""
places,sunny beach,outdoor place,false,snowy forest,equivocal,"""3195-e"""
plants,flower,plant,true,flower,overlapping,"""3195-e"""
artifact,chair,seat,true,chair,branching,"""3195-e"""
plants,dead flower,plant,true,dead flower,branching,"""3195-e"""
places,cottage,house,true,cottage,branching,"""3195-e"""
places,dive bar,restaurant,false,diner,overlapping,"""3195-e"""
plants,burger,food,true,burger,equivocal,"""3195-e"""
animals,poodle,dog,true,poodle,branching,"""3195-e"""
animals,betta fish,fish,true,goldfish,equivocal,"""3195-e"""
artifact,wooden chair,seat,true,wooden chair,overlapping,"""3195-e"""
artifact,iron skillet,metal thing,true,iron skillet,equivocal,"""3195-e"""
animals,lion,lion,true,lion,overlapping,"""3195-e"""
animals,dalmatian,dalmatian,true,dalmatian,branching,"""7110-6"""
artifact,table,furniture,true,table,branching,"""7110-6"""
animals,lion,lion,true,lion,overlapping,"""7110-6"""
places,ice hotel room,cold place,true,ice hotel room,equivocal,"""7110-6"""
places,mansion,mansion,true,mansion,branching,"""7110-6"""
plants,dead flower,plant,true,dead flower,branching,"""7110-6"""
plants,lettuce,food,true,lettuce,overlapping,"""7110-6"""
animals,betta fish,fish,true,angler fish,equivocal,"""7110-6"""
artifact,wooden chair,seat,false,metal chair,equivocal,"""7110-6"""
artifact,iron skillet,skillet,true,iron skillet,overlapping,"""7110-6"""
plants,carrot,food,true,burger,equivocal,"""7110-6"""
places,diner,diner,true,diner,overlapping,"""7110-6"""
animals,golden retriever,pet,true,golden retriever,overlapping,"""8755-5"""
plants,sunflower,living plant,true,tomatos,branching,"""8755-5"""
artifact,chair,seat,true,chair,branching,"""8755-5"""
places,ice hotel room,cold place,false,snowy forest,equivocal,"""8755-5"""
artifact,metal chair,seat,true,wooden chair,equivocal,"""8755-5"""
artifact,wooden chair,seat,true,wooden chair,overlapping,"""8755-5"""
animals,whale,animal,true,whale,branching,"""8755-5"""
places,park,place,true,park,overlapping,"""8755-5"""
plants,tomatos,plant,true,tomatos,equivocal,"""8755-5"""
places,mansion,mansion,true,mansion,branching,"""8755-5"""
plants,oak,leaves,true,oak,overlapping,"""8755-5"""
animals,betta fish,fish,true,angler fish,equivocal,"""8755-5"""
places,diner,diner,true,diner,overlapping,"""5108-6"""
places,snowy forest,outdoor place,false,sunny beach,equivocal,"""5108-6"""
places,mansion,mansion,true,mansion,branching,"""5108-6"""
plants,dead flower,plant,true,dead flower,branching,"""5108-6"""
plants,lettuce,plant,true,lettuce,overlapping,"""5108-6"""
artifact,wooden chair,seat,true,metal chair,equivocal,"""5108-6"""
animals,betta fish,fish,true,betta fish,equivocal,"""5108-6"""
artifact,iron skillet,skillet,true,iron skillet,overlapping,"""5108-6"""
animals,whale,animal,true,whale,overlapping,"""5108-6"""
plants,burger,food,true,burger,equivocal,"""5108-6"""
artifact,table,thing,true,lawnmower,branching,"""5108-6"""
animals,whale,animal,true,whale,branching,"""5108-6"""
animals,goldfish,pet,true,dalmatian,equivocal,"""7752-3"""
artifact,metal stool,seat,false,wooden chair,equivocal,"""7752-3"""
animals,lion,lion,true,lion,overlapping,"""7752-3"""
plants,carrot,food,false,burger,equivocal,"""7752-3"""
artifact,chair,seat,true,chair,branching,"""7752-3"""
places,mansion,mansion,true,mansion,branching,"""7752-3"""
animals,whale,animal,true,whale,branching,"""7752-3"""
places,hotel lobby,restaurant,true,diner,overlapping,"""7752-3"""
places,ice hotel room,cold place,false,snowy forest,equivocal,"""7752-3"""
plants,oak,leaves,true,oak,overlapping,"""7752-3"""
artifact,metal chair,metal thing,true,metal chair,overlapping,"""7752-3"""
plants,sunflower,living plant,false,tomatos,branching,"""7752-3"""
places,mansion,mansion,true,mansion,branching,"""5540-f"""
artifact,table,furniture,false,couch,branching,"""5540-f"""
animals,poodle,dog,true,poodle,branching,"""5540-f"""
animals,house cat,cat,true,house cat,overlapping,"""5540-f"""
places,ice hotel room,cold place,true,ice hotel room,equivocal,"""5540-f"""
places,hotel lobby,place,true,park,overlapping,"""5540-f"""
artifact,wooden chair,seat,true,wooden chair,overlapping,"""5540-f"""
plants,tomatos,food,true,tomatos,branching,"""5540-f"""
plants,lettuce,food,true,lettuce,overlapping,"""5540-f"""
animals,betta fish,fish,false,angler fish,equivocal,"""5540-f"""
artifact,metal chair,metal thing,true,iron skillet,equivocal,"""5540-f"""
plants,sunflower,plant,true,sunflower,equivocal,"""5540-f"""
animals,betta fish,fish,true,dalmatian,equivocal,"""2617-4"""
artifact,couch,couch,true,couch,branching,"""2617-4"""
plants,burger,food,true,burger,equivocal,"""2617-4"""
places,dive bar,bar,false,park,overlapping,"""2617-4"""
plants,lettuce,food,true,carrots,overlapping,"""2617-4"""
plants,sunflower,living plant,false,tomatos,branching,"""2617-4"""
artifact,metal chair,seat,true,wooden chair,equivocal,"""2617-4"""
animals,dalmatian,dalmatian,true,dalmatian,branching,"""2617-4"""
places,mansion,mansion,true,mansion,branching,"""2617-4"""
artifact,wooden chair,seat,true,wooden chair,overlapping,"""2617-4"""
animals,whale,animal,true,whale,overlapping,"""2617-4"""
places,sunny beach,outdoor place,true,sunny beach,equivocal,"""2617-4"""
animals,goldfish,fish,true,goldfish,equivocal,"""0555-0"""
places,hotel lobby,bar,false,dive bar,overlapping,"""0555-0"""
places,office,building,true,office,branching,"""0555-0"""
artifact,chair,seat,true,chair,branching,"""0555-0"""
artifact,wooden ruler,thing,true,wooden ruler,overlapping,"""0555-0"""
plants,oak,leaves,true,oak,overlapping,"""0555-0"""
plants,carrot,carrot,true,carrot,branching,"""0555-0"""
artifact,metal stool,metal thing,false,metal chair,equivocal,"""0555-0"""
places,sunny beach,outdoor place,true,sunny beach,equivocal,"""0555-0"""
animals,lion,lion,true,lion,overlapping,"""0555-0"""
animals,dalmatian,dalmatian,true,dalmatian,branching,"""0555-0"""
plants,carrot,food,true,burger,equivocal,"""0555-0"""
plants,flower,plant,false,lettuce,overlapping,"""2133-f"""
animals,poodle,dog,true,poodle,branching,"""2133-f"""
artifact,table,furniture,true,table,branching,"""2133-f"""
places,snowy forest,outdoor place,true,sunny beach,equivocal,"""2133-f"""
artifact,metal stool,metal thing,false,iron skillet,equivocal,"""2133-f"""
animals,lion,lion,true,lion,overlapping,"""2133-f"""
animals,goldfish,fish,false,angler fish,equivocal,"""2133-f"""
places,cottage,house,true,cottage,branching,"""2133-f"""
places,diner,diner,true,diner,overlapping,"""2133-f"""
plants,carrot,plant,false,sunflower,equivocal,"""2133-f"""
artifact,iron skillet,skillet,true,iron skillet,overlapping,"""2133-f"""
plants,sunflower,living plant,true,sunflower,branching,"""2133-f"""
animals,dalmatian,pet,false,goldfish,equivocal,"""1977-1"""
places,mansion,mansion,true,mansion,branching,"""1977-1"""
places,dive bar,bar,true,hotel lobby,overlapping,"""1977-1"""
places,sunny beach,outdoor place,true,sunny beach,equivocal,"""1977-1"""
plants,sunflower,plant,true,sunflower,equivocal,"""1977-1"""
artifact,iron skillet,skillet,true,iron skillet,overlapping,"""1977-1"""
animals,whale,animal,false,siamese cat,branching,"""1977-1"""
plants,oak,leaves,true,oak,overlapping,"""1977-1"""
animals,whale,animal,true,whale,overlapping,"""1977-1"""
artifact,iron skillet,metal thing,true,iron skillet,equivocal,"""1977-1"""
artifact,lawnmower,thing,true,lawnmower,branching,"""1977-1"""
plants,dead flower,plant,true,dead flower,branching,"""1977-1"""
plants,lettuce,plant,true,lettuce,overlapping,"""4768-b"""
artifact,couch,couch,true,couch,branching,"""4768-b"""
animals,goldfish,fish,true,goldfish,equivocal,"""4768-b"""
plants,carrot,carrot,true,carrot,branching,"""4768-b"""
artifact,iron skillet,metal thing,true,iron skillet,equivocal,"""4768-b"""
plants,tomatos,plant,false,sunflower,equivocal,"""4768-b"""
animals,whale,animal,true,whale,branching,"""4768-b"""
places,snowy forest,cold place,true,snowy forest,equivocal,"""4768-b"""
places,cottage,house,true,cottage,branching,"""4768-b"""
artifact,metal chair,metal thing,true,metal chair,overlapping,"""4768-b"""
animals,lion,lion,true,lion,overlapping,"""4768-b"""
places,diner,diner,true,diner,overlapping,"""4768-b"""
artifact,lawnmower,thing,false,couch,branching,"""6366-8"""
artifact,wooden chair,seat,false,iron skillet,overlapping,"""6366-8"""
plants,flower,plant,true,flower,overlapping,"""6366-8"""
animals,angler fish,fish,true,dalmatian,equivocal,"""6366-8"""
animals,house cat,cat,true,house cat,overlapping,"""6366-8"""
places,office,building,true,office,branching,"""6366-8"""
places,sunny beach,outdoor place,false,ice hotel room,equivocal,"""6366-8"""
animals,poodle,dog,false,dalmatian,branching,"""6366-8"""
artifact,wooden chair,seat,true,wooden chair,equivocal,"""6366-8"""
plants,burger,food,true,burger,equivocal,"""6366-8"""
places,dive bar,bar,true,dive bar,overlapping,"""6366-8"""
plants,tomatos,food,false,carrot,branching,"""6366-8"""
artifact,lawnmower,couch,false,couch,branching,"""5047-8"""
animals,angler fish,fish,true,goldfish,equivocal,"""5047-8"""
plants,sunflower,living plant,false,dead flower,branching,"""5047-8"""
places,dive bar,bar,true,hotel lobby,overlapping,"""5047-8"""
plants,carrot,plant,false,sunflower,equivocal,"""5047-8"""
animals,dalmatian,dalmatian,true,dalmatian,branching,"""5047-8"""
artifact,iron skillet,metal thing,true,iron skillet,equivocal,"""5047-8"""
places,sunny beach,outdoor place,true,sunny beach,equivocal,"""5047-8"""
artifact,metal chair,metal thing,true,metal chair,overlapping,"""5047-8"""
animals,whale,animal,true,whale,overlapping,"""5047-8"""
plants,oak,leaves,true,oak,overlapping,"""5047-8"""
places,cottage,building,false,office,branching,"""5047-8"""
artifact,iron skillet,seat,true,wooden chair,equivocal,"""3279-7"""
places,snowy forest,cold place,true,ice hotel room,equivocal,"""3279-7"""
artifact,wooden ruler,thing,true,wooden ruler,overlapping,"""3279-7"""
places,mansion,mansion,true,mansion,branching,"""3279-7"""
animals,dalmatian,dalmatian,true,dalmatian,branching,"""3279-7"""
plants,carrots,carrots,true,carrots,overlapping,"""3279-7"""
animals,dalmatian,pet,true,dalmatian,equivocal,"""3279-7"""
artifact,table,furniture,true,table,branching,"""3279-7"""
plants,dead flower,plant,true,dead flower,branching,"""3279-7"""
places,park,place,true,park,overlapping,"""3279-7"""
animals,house cat,cat,true,house cat,overlapping,"""3279-7"""
plants,sunflower,plant,true,sunflower,equivocal,"""3279-7"""
plants,carrot,food,true,burger,equivocal,"""9777-9"""
animals,whale,animal,true,whale,branching,"""9777-9"""
places,dive bar,bar,true,dive bar,overlapping,"""9777-9"""
animals,house cat,cat,true,house cat,overlapping,"""9777-9"""
artifact,table,furniture,false,chair,branching,"""9777-9"""
plants,tomatos,food,true,tomatos,branching,"""9777-9"""
artifact,wooden ruler,thing,true,wooden ruler,overlapping,"""9777-9"""
plants,flower,plant,true,flower,overlapping,"""9777-9"""
places,office,building,true,office,branching,"""9777-9"""
places,ice hotel room,cold place,true,ice hotel room,equivocal,"""9777-9"""
artifact,iron skillet,metal thing,true,iron skillet,equivocal,"""9777-9"""
animals,betta fish,fish,false,angler fish,equivocal,"""9777-9"""
artifact,wooden ruler,thing,true,wooden ruler,overlapping,"""4546-7"""
plants,tomatos,living plant,true,tomatos,branching,"""4546-7"""
animals,poodle,dog,true,poodle,branching,"""4546-7"""
animals,golden retriever,pet,true,golden retriever,overlapping,"""4546-7"""
plants,burger,food,true,burger,equivocal,"""4546-7"""
artifact,lawnmower,thing,true,lawnmower,branching,"""4546-7"""
animals,angler fish,fish,true,betta fish,equivocal,"""4546-7"""
places,diner,diner,true,diner,overlapping,"""4546-7"""
places,ice hotel room,cold place,false,snowy mountain,equivocal,"""4546-7"""
plants,carrots,carrots,true,carrots,overlapping,"""4546-7"""
artifact,metal stool,seat,false,wooden chair,equivocal,"""4546-7"""
places,mansion,mansion,true,mansion,branching,"""4546-7"""
places,dive bar,bar,true,dive bar,overlapping,"""9362-6"""
animals,house cat,cat,true,house cat,overlapping,"""9362-6"""
places,snowy forest,outdoor place,false,sunny beach,equivocal,"""9362-6"""
plants,tomatos,plant,true,sunflower,equivocal,"""9362-6"""
artifact,table,furniture,true,table,branching,"""9362-6"""
artifact,metal stool,metal thing,true,metal stool,equivocal,"""9362-6"""
places,office,building,true,office,branching,"""9362-6"""
plants,dead flower,plant,true,dead flower,branching,"""9362-6"""
animals,angler fish,fish,true,angler fish,equivocal,"""9362-6"""
animals,siamese cat,pet,true,siamese cat,branching,"""9362-6"""
artifact,wooden chair,seat,true,wooden chair,overlapping,"""9362-6"""
plants,oak,leaves,true,oak,overlapping,"""9362-6"""
artifact,wooden ruler,thing,true,wooden ruler,overlapping,"""9062-9"""
artifact,couch,couch,true,couch,branching,"""9062-9"""
places,office,building,true,office,branching,"""9062-9"""
animals,goldfish,fish,true,angler fish,equivocal,"""9062-9"""
plants,tomatos,plant,false,sunflower,equivocal,"""9062-9"""
artifact,metal chair,seat,false,wooden chair,equivocal,"""9062-9"""
places,hotel lobby,restaurant,false,diner,overlapping,"""9062-9"""
animals,whale,animal,true,whale,branching,"""9062-9"""
plants,flower,plant,true,flower,overlapping,"""9062-9"""
animals,lion,lion,true,lion,overlapping,"""9062-9"""
plants,carrot,carrot,true,carrot,branching,"""9062-9"""
places,snowy mountain,cold place,false,ice hotel room,equivocal,"""9062-9"""
places,office,building,true,office,branching,"""4310-3"""
artifact,wooden chair,seat,true,wooden chair,overlapping,"""4310-3"""
plants,carrots,carrots,true,carrots,overlapping,"""4310-3"""
animals,whale,animal,true,whale,branching,"""4310-3"""
artifact,chair,seat,true,chair,branching,"""4310-3"""
animals,whale,animal,true,whale,overlapping,"""4310-3"""
plants,burger,food,true,burger,equivocal,"""4310-3"""
places,hotel lobby,restaurant,true,dive bar,overlapping,"""4310-3"""
plants,sunflower,plant,false,dead flower,branching,"""4310-3"""
artifact,iron skillet,seat,true,metal stool,equivocal,"""4310-3"""
places,snowy mountain,cold place,true,snowy mountain,equivocal,"""4310-3"""
animals,goldfish,pet,true,dalmatian,equivocal,"""4310-3"""
plants,sunflower,plant,true,sunflower,equivocal,"""3022-2"""
animals,golden retriever,pet,true,golden retriever,overlapping,"""3022-2"""
plants,oak,leaves,true,oak,overlapping,"""3022-2"""
animals,dalmatian,dalmatian,true,dalmatian,branching,"""3022-2"""
places,office,building,true,office,branching,"""3022-2"""
places,dive bar,bar,false,hotel lobby,overlapping,"""3022-2"""
places,snowy mountain,cold place,true,snowy forest,equivocal,"""3022-2"""
artifact,wooden ruler,thing,true,wooden ruler,overlapping,"""3022-2"""
animals,angler fish,fish,true,angler fish,equivocal,"""3022-2"""
artifact,metal chair,seat,false,wooden chair,equivocal,"""3022-2"""
artifact,table,furniture,true,table,branching,"""3022-2"""
plants,dead flower,plant,false,sunflower,branching,"""3022-2"""
artifact,metal stool,metal thing,true,iron skillet,equivocal,"""4128-d"""
artifact,metal chair,metal thing,true,wooden chair,overlapping,"""4128-d"""
animals,poodle,dog,true,poodle,branching,"""4128-d"""
places,cottage,house,false,mansion,branching,"""4128-d"""
artifact,lawnmower,thing,true,lawnmower,branching,"""4128-d"""
animals,house cat,cat,true,house cat,overlapping,"""4128-d"""
places,hotel lobby,bar,true,hotel lobby,overlapping,"""4128-d"""
plants,carrot,carrot,true,carrot,branching,"""4128-d"""
plants,lettuce,food,true,lettuce,overlapping,"""4128-d"""
plants,burger,food,true,burger,equivocal,"""4128-d"""
places,sunny beach,outdoor place,false,snowy forest,equivocal,"""4128-d"""
animals,betta fish,fish,false,angler fish,equivocal,"""4128-d"""
places,diner,diner,true,diner,overlapping,"""4380-3"""
artifact,iron skillet,skillet,true,iron skillet,overlapping,"""4380-3"""
artifact,metal stool,seat,true,wooden chair,equivocal,"""4380-3"""
plants,carrot,carrot,true,carrot,branching,"""4380-3"""
plants,carrot,food,false,burger,equivocal,"""4380-3"""
plants,oak,leaves,true,oak,overlapping,"""4380-3"""
animals,lion,cat,false,house cat,overlapping,"""4380-3"""
places,snowy mountain,outdoor place,false,sunny beach,equivocal,"""4380-3"""
artifact,lawnmower,thing,true,lawnmower,branching,"""4380-3"""
animals,dalmatian,dalmatian,true,dalmatian,branching,"""4380-3"""
animals,dalmatian,pet,false,goldfish,equivocal,"""4380-3"""
places,cottage,house,true,cottage,branching,"""4380-3"""
places,mansion,mansion,true,mansion,branching,"""6457-f"""
plants,lettuce,food,false,carrots,overlapping,"""6457-f"""
animals,dalmatian,pet,true,dalmatian,equivocal,"""6457-f"""
artifact,iron skillet,skillet,true,iron skillet,overlapping,"""6457-f"""
plants,tomatos,food,false,burger,equivocal,"""6457-f"""
places,dive bar,bar,true,hotel lobby,overlapping,"""6457-f"""
places,snowy forest,cold place,true,snowy forest,equivocal,"""6457-f"""
plants,tomatos,food,true,tomatos,branching,"""6457-f"""
animals,dalmatian,dalmatian,true,dalmatian,branching,"""6457-f"""
artifact,lawnmower,thing,true,lawnmower,branching,"""6457-f"""
animals,golden retriever,pet,true,golden retriever,overlapping,"""6457-f"""
artifact,metal stool,metal thing,false,iron skillet,equivocal,"""6457-f"""
places,mansion,mansion,false,mansion,branching,"""4313-0"""
plants,dead flower,food,false,tomatos,branching,"""4313-0"""
plants,flower,plant,true,flower,overlapping,"""4313-0"""
artifact,table,furniture,true,table,branching,"""4313-0"""
artifact,iron skillet,metal thing,true,iron skillet,equivocal,"""4313-0"""
plants,sunflower,plant,true,sunflower,equivocal,"""4313-0"""
artifact,metal chair,seat,false,wooden chair,overlapping,"""4313-0"""
animals,house cat,cat,true,house cat,overlapping,"""4313-0"""
places,diner,diner,true,diner,overlapping,"""4313-0"""
places,snowy forest,outdoor place,false,sunny beach,equivocal,"""4313-0"""
animals,whale,animal,true,whale,branching,"""4313-0"""
animals,dalmatian,pet,true,dalmatian,equivocal,"""4313-0"""
artifact,metal chair,metal thing,true,iron skillet,equivocal,"""6077-2"""
artifact,couch,couch,true,couch,branching,"""6077-2"""
places,dive bar,bar,true,dive bar,overlapping,"""6077-2"""
plants,tomatos,food,true,tomatos,branching,"""6077-2"""
animals,whale,animal,true,whale,branching,"""6077-2"""
artifact,iron skillet,skillet,true,iron skillet,overlapping,"""6077-2"""
animals,betta fish,fish,false,angler fish,equivocal,"""6077-2"""
plants,carrot,plant,false,sunflower,equivocal,"""6077-2"""
places,park,place,true,park,branching,"""6077-2"""
places,sunny beach,outdoor place,true,sunny beach,equivocal,"""6077-2"""
plants,oak,leaves,true,oak,overlapping,"""6077-2"""
animals,golden retriever,pet,true,golden retriever,overlapping,"""6077-2"""
plants,carrot,food,false,burger,equivocal,"""4027-c"""
plants,carrot,carrot,true,carrot,branching,"""4027-c"""
plants,flower,plant,true,flower,overlapping,"""4027-c"""
places,dive bar,bar,true,hotel lobby,overlapping,"""4027-c"""
animals,golden retriever,pet,true,golden retriever,overlapping,"""4027-c"""
artifact,wooden ruler,thing,true,wooden ruler,overlapping,"""4027-c"""
places,sunny beach,outdoor place,true,sunny beach,equivocal,"""4027-c"""
places,park,place,true,park,branching,"""4027-c"""
artifact,couch,couch,true,couch,branching,"""4027-c"""
animals,dalmatian,dalmatian,true,dalmatian,branching,"""4027-c"""
artifact,metal chair,metal thing,true,metal chair,equivocal,"""4027-c"""
animals,betta fish,fish,false,goldfish,equivocal,"""4027-c"""
plants,sunflower,plant,true,carrot,equivocal,"""2293-e"""
artifact,couch,couch,true,couch,branching,"""2293-e"""
places,snowy mountain,cold place,true,snowy mountain,equivocal,"""2293-e"""
places,cottage,house,true,cottage,branching,"""2293-e"""
plants,oak,leaves,true,oak,overlapping,"""2293-e"""
places,hotel lobby,bar,false,dive bar,overlapping,"""2293-e"""
animals,angler fish,pet,true,dalmatian,equivocal,"""2293-e"""
artifact,metal chair,metal thing,true,metal chair,overlapping,"""2293-e"""
animals,poodle,dog,true,poodle,branching,"""2293-e"""
plants,sunflower,plant,false,dead flower,branching,"""2293-e"""
artifact,metal stool,seat,true,metal stool,equivocal,"""2293-e"""
animals,house cat,cat,true,house cat,overlapping,"""2293-e"""
artifact,iron skillet,metal thing,true,iron skillet,equivocal,"""3466-6"""
artifact,lawnmower,thing,true,lawnmower,branching,"""3466-6"""
animals,dalmatian,dalmatian,true,dalmatian,branching,"""3466-6"""
places,park,place,true,park,branching,"""3466-6"""
animals,betta fish,fish,false,angler fish,equivocal,"""3466-6"""
plants,carrot,plant,false,tomatos,equivocal,"""3466-6"""
places,hotel lobby,place,true,park,overlapping,"""3466-6"""
places,ice hotel room,cold place,true,ice hotel room,equivocal,"""3466-6"""
plants,sunflower,living plant,false,tomatos,branching,"""3466-6"""
plants,flower,plant,true,flower,overlapping,"""3466-6"""
animals,house cat,cat,true,house cat,overlapping,"""3466-6"""
artifact,iron skillet,skillet,true,iron skillet,overlapping,"""3466-6"""
plants,lettuce,leaves,false,oak,overlapping,"""9219-5"""
places,park,place,true,park,branching,"""9219-5"""
artifact,metal chair,metal thing,true,metal chair,overlapping,"""9219-5"""
plants,burger,food,true,burger,equivocal,"""9219-5"""
animals,whale,animal,true,whale,branching,"""9219-5"""
places,diner,diner,true,diner,overlapping,"""9219-5"""
animals,dalmatian,pet,true,dalmatian,equivocal,"""9219-5"""
animals,lion,lion,true,lion,overlapping,"""9219-5"""
places,snowy mountain,cold place,true,ice hotel room,equivocal,"""9219-5"""
artifact,chair,seat,true,chair,branching,"""9219-5"""
artifact,iron skillet,metal thing,true,iron skillet,equivocal,"""9219-5"""
plants,tomatos,food,true,tomatos,branching,"""9219-5"""
animals,poodle,dalmatian,false,dalmatian,branching,"""5301-6"""
plants,carrots,carrots,true,carrots,overlapping,"""5301-6"""
animals,house cat,cat,true,house cat,overlapping,"""5301-6"""
plants,carrot,carrot,true,carrot,branching,"""5301-6"""
artifact,wooden chair,seat,false,metal chair,equivocal,"""5301-6"""
places,office,building,true,office,branching,"""5301-6"""
places,hotel lobby,bar,true,hotel lobby,overlapping,"""5301-6"""
artifact,wooden ruler,thing,true,wooden ruler,overlapping,"""5301-6"""
plants,carrot,food,true,burger,equivocal,"""5301-6"""
animals,goldfish,pet,false,dalmatian,equivocal,"""5301-6"""
artifact,chair,seat,true,chair,branching,"""5301-6"""
places,snowy mountain,outdoor place,false,sunny beach,equivocal,"""5301-6"""
places,hotel lobby,place,false,park,overlapping,"""3803-4"""
artifact,iron skillet,skillet,true,iron skillet,overlapping,"""3803-4"""
places,ice hotel room,cold place,true,ice hotel room,equivocal,"""3803-4"""
plants,carrot,carrot,true,carrot,branching,"""3803-4"""
places,mansion,mansion,true,mansion,branching,"""3803-4"""
animals,whale,animal,true,whale,branching,"""3803-4"""
animals,goldfish,pet,false,dalmatian,equivocal,"""3803-4"""
artifact,chair,seat,true,chair,branching,"""3803-4"""
artifact,metal chair,seat,true,metal chair,equivocal,"""3803-4"""
animals,whale,animal,true,whale,overlapping,"""3803-4"""
plants,carrot,plant,false,sunflower,equivocal,"""3803-4"""
plants,oak,leaves,true,oak,overlapping,"""3803-4"""
places,mansion,mansion,true,mansion,branching,"""5411-7"""
animals,lion,lion,true,lion,overlapping,"""5411-7"""
animals,poodle,dog,true,poodle,branching,"""5411-7"""
artifact,wooden chair,seat,true,wooden chair,overlapping,"""5411-7"""
artifact,wooden chair,seat,true,wooden chair,equivocal,"""5411-7"""
plants,tomatos,plant,true,tomatos,equivocal,"""5411-7"""
plants,carrot,carrot,true,carrot,branching,"""5411-7"""
places,sunny beach,outdoor place,true,sunny beach,equivocal,"""5411-7"""
places,dive bar,bar,true,hotel lobby,overlapping,"""5411-7"""
animals,dalmatian,pet,true,dalmatian,equivocal,"""5411-7"""
plants,lettuce,plant,false,flower,overlapping,"""5411-7"""
artifact,couch,couch,true,couch,branching,"""5411-7"""
plants,carrot,carrot,true,carrot,branching,"""1203-0"""
artifact,chair,seat,true,chair,branching,"""1203-0"""
artifact,iron skillet,skillet,true,iron skillet,overlapping,"""1203-0"""
animals,dalmatian,pet,true,dalmatian,equivocal,"""1203-0"""
artifact,metal chair,metal thing,false,iron skillet,equivocal,"""1203-0"""
animals,golden retriever,pet,true,golden retriever,overlapping,"""1203-0"""
places,mansion,mansion,true,mansion,branching,"""1203-0"""
places,park,place,true,park,overlapping,"""1203-0"""
animals,poodle,dog,true,poodle,branching,"""1203-0"""
plants,burger,food,true,burger,equivocal,"""1203-0"""
places,snowy forest,outdoor place,false,ice hotel room,equivocal,"""1203-0"""
plants,oak,plant,false,flower,overlapping,"""1203-0"""
places,hotel lobby,bar,true,hotel lobby,overlapping,"""4262-f"""
animals,dalmatian,pet,true,dalmatian,equivocal,"""4262-f"""
animals,poodle,dog,true,poodle,branching,"""4262-f"""
plants,carrots,carrots,true,carrots,overlapping,"""4262-f"""
artifact,iron skillet,skillet,true,iron skillet,overlapping,"""4262-f"""
artifact,iron skillet,metal thing,true,iron skillet,equivocal,"""4262-f"""
plants,dead flower,plant,true,dead flower,branching,"""4262-f"""
places,snowy mountain,cold place,false,ice hotel room,equivocal,"""4262-f"""
animals,whale,animal,true,whale,overlapping,"""4262-f"""
artifact,lawnmower,thing,true,lawnmower,branching,"""4262-f"""
places,cottage,house,true,cottage,branching,"""4262-f"""
plants,carrot,plant,false,sunflower,equivocal,"""4262-f"""
places,snowy mountain,cold place,false,ice hotel room,equivocal,"""9797-a"""
places,park,place,true,park,overlapping,"""9797-a"""
artifact,chair,seat,true,chair,branching,"""9797-a"""
artifact,wooden chair,seat,true,wooden chair,equivocal,"""9797-a"""
plants,dead flower,plant,true,dead flower,branching,"""9797-a"""
animals,whale,animal,true,whale,branching,"""9797-a"""
artifact,metal chair,metal thing,true,metal chair,overlapping,"""9797-a"""
animals,dalmatian,pet,true,dalmatian,equivocal,"""9797-a"""
animals,house cat,cat,true,house cat,overlapping,"""9797-a"""
plants,carrot,plant,true,tomatos,equivocal,"""9797-a"""
places,park,place,true,park,branching,"""9797-a"""
plants,flower,plant,true,flower,overlapping,"""9797-a"""
animals,golden retriever,pet,false,house cat,overlapping,"""7780-a"""
places,sunny beach,outdoor place,true,sunny beach,equivocal,"""7780-a"""
artifact,metal stool,seat,true,wooden chair,equivocal,"""7780-a"""
plants,carrots,carrots,true,carrots,overlapping,"""7780-a"""
plants,sunflower,living plant,true,sunflower,branching,"""7780-a"""
places,park,place,true,park,branching,"""7780-a"""
animals,dalmatian,fish,false,angler fish,equivocal,"""7780-a"""
artifact,wooden chair,seat,true,wooden chair,overlapping,"""7780-a"""
plants,carrot,plant,false,sunflower,equivocal,"""7780-a"""
artifact,table,furniture,true,table,branching,"""7780-a"""
places,dive bar,bar,false,hotel lobby,overlapping,"""7780-a"""
animals,poodle,dog,true,poodle,branching,"""7780-a"""
