workerid,domain,type,response,label
0,plants,overlapping,carrots,food
0,places,branching,mansion,place
0,plants,equivocal,tomatos,food
0,artifact,overlapping,wooden chair,seat
0,artifact,branching,table,thing
0,plants,branching,sunflower,living plant
0,places,overlapping,diner,restaurant
0,artifact,equivocal,metal chair,metal thing
0,animals,branching,dalmatian,dog
0,animals,overlapping,lion,lion
0,places,equivocal,snowy mountain,cold place
0,animals,equivocal,dalmatian,pet
1,places,overlapping,park,place
1,animals,branching,dalmatian,dog
1,plants,overlapping,carrots,food
1,plants,branching,carrot,carrot
1,plants,equivocal,burger,food
1,artifact,branching,couch,couch
1,animals,overlapping,house cat,animal
1,places,branching,mansion,house
1,animals,equivocal,dalmatian,pet
1,artifact,equivocal,iron skillet,metal thing
1,places,equivocal,snowy mountain,cold place
1,artifact,overlapping,iron skillet,skillet
2,places,overlapping,diner,place
2,plants,branching,tomatos,living plant
2,artifact,equivocal,wooden chair,seat
2,places,branching,mansion,mansion
2,artifact,branching,couch,furniture
2,animals,overlapping,golden retriever,pet
2,artifact,overlapping,iron skillet,skillet
2,places,equivocal,snowy forest,cold place
2,plants,equivocal,burger,food
2,plants,overlapping,carrots,carrots
2,animals,branching,dalmatian,dalmatian
2,animals,equivocal,goldfish,fish
3,artifact,equivocal,metal chair,seat
3,artifact,overlapping,iron skillet,skillet
3,places,overlapping,diner,diner
3,plants,equivocal,tomatos,plant
3,artifact,branching,lawnmower,thing
3,places,branching,office,building
3,animals,branching,dalmatian,dalmatian
3,animals,overlapping,lion,animal
3,animals,equivocal,goldfish,fish
3,plants,branching,tomatos,living plant
3,plants,overlapping,lettuce,plant
3,places,equivocal,snowy mountain,cold place
4,animals,branching,dalmatian,dog
4,places,equivocal,snowy forest,cold place
4,places,overlapping,hotel lobby,bar
4,animals,overlapping,golden retriever,pet
4,artifact,branching,couch,couch
4,places,branching,cottage,house
4,artifact,equivocal,wooden chair,seat
4,plants,branching,tomatos,food
4,plants,equivocal,burger,food
4,plants,overlapping,oak,leaves
4,artifact,overlapping,iron skillet,skillet
4,animals,equivocal,dalmatian,pet
5,plants,branching,carrot,carrot
5,artifact,branching,couch,couch
5,animals,branching,dalmatian,pet
5,artifact,overlapping,iron skillet,metal thing
5,places,overlapping,park,place
5,animals,overlapping,golden retriever,pet
5,places,branching,office,building
5,plants,equivocal,tomatos,food
5,plants,overlapping,oak,plant
5,artifact,equivocal,wooden chair,seat
5,places,equivocal,sunny beach,outdoor place
5,animals,equivocal,betta fish,fish
6,plants,equivocal,carrot,food
6,animals,branching,dalmatian,dalmatian
6,places,overlapping,diner,diner
6,animals,overlapping,golden retriever,animal
6,plants,branching,carrot,carrot
6,artifact,branching,couch,couch
6,artifact,overlapping,iron skillet,skillet
6,artifact,equivocal,metal stool,metal thing
6,places,equivocal,sunny beach,outdoor place
6,animals,equivocal,goldfish,fish
6,places,branching,mansion,building
6,plants,overlapping,carrots,plant
7,artifact,overlapping,iron skillet,skillet
7,places,overlapping,diner,place
7,artifact,equivocal,metal chair,metal thing
7,animals,branching,dalmatian,pet
7,animals,overlapping,house cat,cat
7,plants,overlapping,carrots,carrots
7,animals,equivocal,betta fish,fish
7,places,equivocal,snowy mountain,cold place
7,plants,equivocal,tomatos,plant
7,plants,branching,sunflower,plant
7,artifact,branching,lawnmower,thing
7,places,branching,park,place
8,artifact,overlapping,wooden chair,seat
8,places,equivocal,snowy mountain,cold place
8,artifact,branching,lawnmower,thing
8,artifact,equivocal,iron skillet,metal thing
8,places,branching,cottage,house
8,plants,equivocal,tomatos,plant
8,plants,overlapping,oak,leaves
8,animals,equivocal,dalmatian,pet
8,places,overlapping,diner,diner
8,animals,branching,dalmatian,animal
8,animals,overlapping,lion,cat
8,plants,branching,tomatos,plant
9,plants,branching,dead flower,food
9,places,branching,cottage,house
9,plants,equivocal,tomatos,plant
9,artifact,branching,lawnmower,thing
9,animals,branching,dalmatian,pet
9,animals,overlapping,house cat,cat
9,plants,overlapping,flower,plant
9,places,overlapping,diner,place
9,animals,equivocal,dalmatian,pet
9,artifact,equivocal,iron skillet,metal thing
9,places,equivocal,sunny beach,outdoor place
9,artifact,overlapping,iron skillet,thing
10,artifact,overlapping,iron skillet,skillet
10,animals,equivocal,dalmatian,pet
10,places,overlapping,hotel lobby,restaurant
10,plants,branching,tomatos,living plant
10,places,branching,cottage,house
10,plants,overlapping,carrots,food
10,animals,branching,dalmatian,dog
10,artifact,branching,chair,thing
10,plants,equivocal,tomatos,plant
10,animals,overlapping,lion,lion
10,artifact,equivocal,metal chair,metal thing
10,places,equivocal,snowy forest,cold place
11,places,equivocal,snowy mountain,cold place
11,plants,branching,tomatos,food
11,places,overlapping,park,place
11,places,branching,cottage,house
11,animals,overlapping,lion,lion
11,plants,overlapping,carrots,carrots
11,animals,equivocal,betta fish,fish
11,artifact,branching,chair,seat
11,plants,equivocal,burger,food
11,animals,branching,dalmatian,dalmatian
11,artifact,overlapping,iron skillet,skillet
11,artifact,equivocal,wooden chair,seat
12,animals,overlapping,lion,lion
12,places,branching,cottage,house
12,places,overlapping,hotel lobby,bar
12,places,equivocal,snowy forest,outdoor place
12,animals,equivocal,goldfish,fish
12,plants,equivocal,burger,food
12,artifact,branching,chair,seat
12,artifact,equivocal,metal chair,metal thing
12,animals,branching,dalmatian,dalmatian
12,plants,overlapping,carrots,carrots
12,plants,branching,tomatos,plant
12,artifact,overlapping,wooden chair,seat
13,artifact,overlapping,iron skillet,skillet
13,places,overlapping,park,place
13,places,equivocal,snowy forest,outdoor place
13,animals,equivocal,dalmatian,pet
13,plants,branching,carrot,carrot
13,animals,overlapping,house cat,cat
13,artifact,branching,couch,couch
13,animals,branching,dalmatian,pet
13,plants,overlapping,oak,leaves
13,artifact,equivocal,metal chair,metal thing
13,places,branching,mansion,house
13,plants,equivocal,tomatos,plant
14,places,equivocal,snowy forest,cold place
14,places,branching,cottage,place
14,animals,overlapping,golden retriever,pet
14,plants,overlapping,oak,leaves
14,plants,branching,dead flower,plant
14,plants,equivocal,tomatos,plant
14,animals,branching,dalmatian,dalmatian
14,animals,equivocal,goldfish,fish
14,artifact,overlapping,iron skillet,skillet
14,places,overlapping,diner,restaurant
14,artifact,equivocal,wooden chair,seat
14,artifact,branching,couch,seat
15,places,equivocal,snowy forest,cold place
15,places,overlapping,hotel lobby,restaurant
15,plants,equivocal,burger,food
15,animals,equivocal,goldfish,fish
15,artifact,overlapping,metal chair,metal thing
15,artifact,equivocal,metal chair,metal thing
15,animals,overlapping,house cat,cat
15,places,branching,mansion,house
15,artifact,branching,couch,couch
15,plants,overlapping,oak,plant
15,plants,branching,carrot,food
15,animals,branching,dalmatian,dog
16,plants,branching,sunflower,plant
16,animals,branching,poodle,animal
16,artifact,equivocal,metal stool,metal thing
16,artifact,branching,couch,thing
16,animals,equivocal,betta fish,fish
16,plants,equivocal,carrot,food
16,plants,overlapping,carrots,food
16,animals,overlapping,whale,animal
16,places,branching,mansion,mansion
16,places,equivocal,snowy forest,cold place
16,places,overlapping,hotel lobby,restaurant
16,artifact,overlapping,metal chair,thing
17,places,equivocal,sunny beach,outdoor place
17,plants,overlapping,oak,plant
17,animals,overlapping,house cat,cat
17,animals,branching,dalmatian,dog
17,animals,equivocal,angler fish,fish
17,artifact,branching,chair,thing
17,plants,equivocal,tomatos,plant
17,artifact,equivocal,wooden chair,seat
17,artifact,overlapping,iron skillet,skillet
17,places,overlapping,diner,restaurant
17,plants,branching,carrot,carrot
17,places,branching,office,building
18,places,overlapping,diner,diner
18,plants,branching,tomatos,plant
18,animals,equivocal,dalmatian,pet
18,artifact,overlapping,iron skillet,thing
18,places,branching,cottage,house
18,plants,equivocal,tomatos,plant
18,artifact,equivocal,iron skillet,metal thing
18,animals,branching,dalmatian,animal
18,plants,overlapping,carrots,plant
18,places,equivocal,snowy forest,outdoor place
18,artifact,branching,couch,couch
18,animals,overlapping,golden retriever,pet
19,animals,overlapping,lion,animal
19,artifact,equivocal,metal stool,metal thing
19,places,equivocal,sunny beach,outdoor place
19,places,branching,mansion,house
19,artifact,branching,couch,furniture
19,places,overlapping,hotel lobby,restaurant
19,plants,branching,dead flower,living plant
19,plants,equivocal,sunflower,plant
19,animals,equivocal,betta fish,fish
19,plants,overlapping,carrots,food
19,artifact,overlapping,iron skillet,skillet
19,animals,branching,siamese cat,pet
20,places,overlapping,diner,diner
20,plants,overlapping,flower,plant
20,artifact,overlapping,metal chair,metal thing
20,animals,overlapping,lion,animal
20,plants,equivocal,burger,food
20,animals,equivocal,goldfish,fish
20,artifact,branching,lawnmower,thing
20,animals,branching,dalmatian,dalmatian
20,artifact,equivocal,metal chair,seat
20,places,branching,office,building
20,places,equivocal,snowy forest,cold place
20,plants,branching,sunflower,plant
21,artifact,overlapping,wooden ruler,thing
21,animals,equivocal,dalmatian,pet
21,plants,branching,carrot,food
21,artifact,branching,couch,furniture
21,places,branching,office,building
21,plants,equivocal,tomatos,plant
21,places,equivocal,snowy mountain,cold place
21,places,overlapping,diner,place
21,artifact,equivocal,metal chair,seat
21,plants,overlapping,carrots,food
21,animals,overlapping,house cat,cat
21,animals,branching,dalmatian,animal
22,plants,branching,carrot,food
22,plants,equivocal,sunflower,plant
22,animals,equivocal,angler fish,fish
22,places,branching,office,building
22,artifact,branching,couch,couch
22,artifact,overlapping,iron skillet,skillet
22,artifact,equivocal,metal chair,metal thing
22,animals,branching,dalmatian,dog
22,places,overlapping,hotel lobby,restaurant
22,plants,overlapping,carrots,carrots
22,places,equivocal,snowy mountain,cold place
22,animals,overlapping,house cat,cat
23,animals,overlapping,golden retriever,pet
23,artifact,equivocal,wooden chair,seat
23,places,equivocal,snowy forest,outdoor place
23,places,branching,mansion,mansion
23,animals,branching,whale,animal
23,animals,equivocal,angler fish,fish
23,places,overlapping,diner,diner
23,plants,equivocal,tomatos,plant
23,plants,overlapping,oak,leaves
23,artifact,branching,couch,couch
23,plants,branching,tomatos,food
23,artifact,overlapping,wooden chair,seat
24,plants,branching,carrot,food
24,places,branching,cottage,house
24,plants,equivocal,tomatos,food
24,artifact,overlapping,iron skillet,skillet
24,animals,equivocal,angler fish,fish
24,artifact,equivocal,wooden chair,seat
24,animals,branching,siamese cat,animal
24,places,equivocal,snowy mountain,outdoor place
24,plants,overlapping,carrots,food
24,places,overlapping,diner,diner
24,animals,overlapping,house cat,animal
24,artifact,branching,couch,couch
25,animals,equivocal,goldfish,fish
25,animals,overlapping,lion,lion
25,artifact,overlapping,wooden ruler,thing
25,animals,branching,dalmatian,animal
25,plants,branching,carrot,plant
25,places,equivocal,snowy mountain,cold place
25,artifact,equivocal,wooden chair,seat
25,plants,equivocal,tomatos,food
25,places,branching,mansion,mansion
25,places,overlapping,dive bar,diner
25,artifact,branching,table,furniture
25,plants,overlapping,carrots,carrots
26,artifact,equivocal,metal stool,metal thing
26,plants,overlapping,carrots,food
26,animals,branching,dalmatian,dalmatian
26,places,equivocal,sunny beach,outdoor place
26,places,branching,mansion,house
26,animals,equivocal,goldfish,pet
26,animals,overlapping,lion,lion
26,plants,equivocal,burger,food
26,plants,branching,tomatos,plant
26,artifact,overlapping,iron skillet,skillet
26,places,overlapping,diner,restaurant
26,artifact,branching,lawnmower,thing
27,animals,branching,dalmatian,dalmatian
27,places,branching,cottage,house
27,plants,branching,carrot,carrot
27,animals,equivocal,goldfish,fish
27,artifact,equivocal,metal chair,seat
27,places,overlapping,diner,diner
27,artifact,overlapping,metal chair,seat
27,plants,overlapping,carrots,carrots
27,artifact,branching,couch,furniture
27,animals,overlapping,lion,lion
27,plants,equivocal,burger,food
27,places,equivocal,snowy forest,cold place
28,animals,branching,dalmatian,dog
28,animals,overlapping,house cat,cat
28,places,equivocal,snowy forest,cold place
28,plants,equivocal,carrot,plant
28,artifact,branching,chair,thing
28,artifact,equivocal,metal chair,seat
28,plants,branching,sunflower,plant
28,plants,overlapping,carrots,food
28,places,overlapping,hotel lobby,bar
28,animals,equivocal,betta fish,fish
28,places,branching,mansion,mansion
28,artifact,overlapping,wooden ruler,thing
29,artifact,branching,chair,furniture
29,places,branching,mansion,place
29,animals,equivocal,angler fish,fish
29,artifact,equivocal,iron skillet,metal thing
29,plants,overlapping,carrots,carrots
29,plants,branching,carrot,carrot
29,places,equivocal,snowy forest,cold place
29,artifact,overlapping,wooden chair,seat
29,animals,branching,dalmatian,dog
29,places,overlapping,park,place
29,animals,overlapping,lion,lion
29,plants,equivocal,burger,food
30,plants,equivocal,sunflower,plant
30,artifact,equivocal,metal chair,seat
30,animals,equivocal,dalmatian,pet
30,plants,branching,sunflower,living plant
30,animals,branching,siamese cat,pet
30,places,overlapping,park,place
30,places,equivocal,snowy forest,cold place
30,places,branching,cottage,house
30,artifact,branching,lawnmower,thing
30,animals,overlapping,lion,lion
30,plants,overlapping,oak,leaves
30,artifact,overlapping,wooden ruler,thing
31,animals,branching,siamese cat,pet
31,animals,overlapping,lion,animal
31,animals,equivocal,goldfish,fish
31,plants,branching,tomatos,food
31,places,branching,cottage,house
31,artifact,overlapping,wooden chair,seat
31,artifact,branching,chair,seat
31,plants,equivocal,burger,food
31,plants,overlapping,lettuce,plant
31,artifact,equivocal,wooden chair,seat
31,places,equivocal,snowy mountain,outdoor place
31,places,overlapping,diner,diner
32,artifact,equivocal,wooden chair,seat
32,plants,overlapping,oak,leaves
32,artifact,branching,couch,furniture
32,plants,equivocal,burger,food
32,places,branching,cottage,house
32,plants,branching,tomatos,plant
32,places,overlapping,hotel lobby,bar
32,animals,branching,dalmatian,dog
32,animals,overlapping,lion,animal
32,places,equivocal,snowy mountain,cold place
32,artifact,overlapping,wooden ruler,thing
32,animals,equivocal,betta fish,fish
33,plants,equivocal,burger,food
33,artifact,branching,couch,couch
33,animals,equivocal,dalmatian,pet
33,artifact,overlapping,wooden chair,seat
33,plants,overlapping,carrots,food
33,animals,branching,siamese cat,pet
33,plants,branching,carrot,carrot
33,places,overlapping,diner,restaurant
33,artifact,equivocal,iron skillet,metal thing
33,animals,overlapping,lion,lion
33,places,branching,mansion,mansion
33,places,equivocal,sunny beach,outdoor place
34,places,equivocal,snowy mountain,cold place
34,plants,equivocal,sunflower,plant
34,artifact,branching,couch,couch
34,animals,equivocal,dalmatian,pet
34,plants,branching,carrot,carrot
34,animals,branching,whale,animal
34,plants,overlapping,oak,plant
34,animals,overlapping,house cat,pet
34,places,overlapping,diner,restaurant
34,places,branching,office,building
34,artifact,overlapping,iron skillet,skillet
34,artifact,equivocal,metal chair,metal thing
35,animals,branching,dalmatian,dalmatian
35,plants,overlapping,carrots,food
35,animals,overlapping,lion,lion
35,places,equivocal,snowy mountain,cold place
35,artifact,overlapping,wooden ruler,thing
35,artifact,equivocal,wooden chair,seat
35,artifact,branching,couch,furniture
35,places,overlapping,diner,restaurant
35,animals,equivocal,betta fish,fish
35,plants,equivocal,burger,food
35,plants,branching,tomatos,plant
35,places,branching,office,building
36,places,equivocal,snowy mountain,cold place
36,plants,equivocal,sunflower,plant
36,animals,branching,siamese cat,animal
36,places,branching,park,place
36,animals,overlapping,house cat,pet
36,artifact,equivocal,iron skillet,metal thing
36,artifact,branching,couch,furniture
36,artifact,overlapping,metal chair,seat
36,plants,branching,tomatos,food
36,plants,overlapping,oak,leaves
36,places,overlapping,diner,restaurant
36,animals,equivocal,dalmatian,pet
37,plants,branching,carrot,carrot
37,places,branching,cottage,house
37,animals,equivocal,dalmatian,pet
37,artifact,equivocal,iron skillet,metal thing
37,animals,branching,dalmatian,dalmatian
37,artifact,overlapping,iron skillet,skillet
37,artifact,branching,couch,furniture
37,plants,overlapping,lettuce,leaves
37,places,overlapping,diner,place
37,places,equivocal,snowy mountain,cold place
37,animals,overlapping,golden retriever,pet
37,plants,equivocal,tomatos,plant
38,plants,equivocal,sunflower,plant
38,places,overlapping,diner,diner
38,animals,branching,siamese cat,animal
38,artifact,branching,chair,seat
38,artifact,overlapping,metal chair,seat
38,places,branching,mansion,mansion
38,places,equivocal,snowy forest,cold place
38,plants,overlapping,carrots,carrots
38,animals,overlapping,lion,lion
38,plants,branching,sunflower,plant
38,artifact,equivocal,wooden chair,seat
38,animals,equivocal,dalmatian,pet
39,plants,equivocal,burger,food
39,places,branching,office,building
39,places,overlapping,diner,diner
39,plants,branching,carrot,food
39,plants,overlapping,oak,leaves
39,places,equivocal,snowy forest,outdoor place
39,animals,branching,poodle,pet
39,animals,equivocal,betta fish,fish
39,artifact,equivocal,iron skillet,metal thing
39,animals,overlapping,golden retriever,pet
39,artifact,branching,couch,furniture
39,artifact,overlapping,iron skillet,skillet
40,artifact,branching,couch,couch
40,animals,branching,dalmatian,dog
40,animals,equivocal,dalmatian,pet
40,plants,equivocal,carrot,plant
40,plants,overlapping,carrots,carrots
40,artifact,equivocal,metal chair,seat
40,plants,branching,carrot,plant
40,places,equivocal,sunny beach,outdoor place
40,places,overlapping,diner,restaurant
40,artifact,overlapping,iron skillet,metal thing
40,animals,overlapping,golden retriever,pet
40,places,branching,mansion,mansion
41,artifact,overlapping,wooden ruler,thing
41,plants,overlapping,oak,plant
41,places,equivocal,ice hotel room,cold place
41,places,branching,cottage,house
41,animals,branching,poodle,dog
41,places,overlapping,hotel lobby,restaurant
41,artifact,branching,couch,couch
41,artifact,equivocal,metal chair,metal thing
41,animals,equivocal,betta fish,fish
41,plants,equivocal,burger,food
41,plants,branching,tomatos,food
41,animals,overlapping,house cat,cat
42,animals,overlapping,lion,lion
42,artifact,overlapping,wooden ruler,thing
42,places,equivocal,ice hotel room,cold place
42,places,overlapping,hotel lobby,bar
42,places,branching,office,place
42,artifact,equivocal,wooden chair,seat
42,plants,equivocal,tomatos,food
42,plants,overlapping,oak,leaves
42,artifact,branching,lawnmower,thing
42,animals,equivocal,betta fish,fish
42,animals,branching,dalmatian,dog
42,plants,branching,dead flower,plant
43,artifact,equivocal,metal stool,seat
43,artifact,branching,chair,seat
43,animals,overlapping,golden retriever,animal
43,plants,overlapping,oak,leaves
43,places,equivocal,snowy forest,cold place
43,plants,branching,tomatos,plant
43,places,branching,cottage,house
43,animals,branching,dalmatian,dalmatian
43,animals,equivocal,goldfish,fish
43,artifact,overlapping,metal chair,seat
43,plants,equivocal,tomatos,plant
43,places,overlapping,diner,restaurant
44,plants,equivocal,burger,food
44,animals,equivocal,dalmatian,pet
44,plants,branching,tomatos,food
44,places,equivocal,snowy forest,cold place
44,animals,branching,siamese cat,pet
44,artifact,branching,table,thing
44,artifact,equivocal,metal stool,metal thing
44,places,overlapping,hotel lobby,bar
44,artifact,overlapping,iron skillet,skillet
44,places,branching,office,building
44,animals,overlapping,house cat,cat
44,plants,overlapping,oak,plant
45,animals,overlapping,house cat,cat
45,artifact,equivocal,iron skillet,metal thing
45,animals,equivocal,dalmatian,pet
45,places,overlapping,diner,restaurant
45,plants,overlapping,oak,leaves
45,places,equivocal,snowy mountain,cold place
45,places,branching,mansion,building
45,plants,branching,tomatos,plant
45,artifact,overlapping,wooden chair,seat
45,animals,branching,dalmatian,dalmatian
45,artifact,branching,couch,couch
45,plants,equivocal,tomatos,plant
46,artifact,overlapping,iron skillet,thing
46,places,equivocal,sunny beach,outdoor place
46,animals,equivocal,dalmatian,pet
46,artifact,branching,couch,furniture
46,animals,overlapping,golden retriever,animal
46,plants,equivocal,tomatos,plant
46,plants,overlapping,flower,plant
46,plants,branching,carrot,carrot
46,artifact,equivocal,iron skillet,metal thing
46,places,overlapping,diner,restaurant
46,animals,branching,dalmatian,pet
46,places,branching,mansion,mansion
47,animals,branching,dalmatian,animal
47,artifact,branching,chair,seat
47,plants,overlapping,oak,plant
47,places,equivocal,snowy forest,outdoor place
47,animals,equivocal,goldfish,fish
47,plants,equivocal,burger,food
47,artifact,equivocal,iron skillet,metal thing
47,places,overlapping,diner,restaurant
47,places,branching,cottage,house
47,animals,overlapping,lion,lion
47,plants,branching,carrot,food
47,artifact,overlapping,iron skillet,skillet
48,animals,branching,whale,animal
48,plants,equivocal,tomatos,plant
48,places,branching,park,place
48,artifact,branching,couch,couch
48,artifact,equivocal,metal stool,seat
48,animals,equivocal,dalmatian,pet
48,places,equivocal,ice hotel room,cold place
48,places,overlapping,hotel lobby,bar
48,plants,branching,carrot,carrot
48,artifact,overlapping,iron skillet,skillet
48,plants,overlapping,oak,plant
48,animals,overlapping,house cat,pet
49,places,overlapping,hotel lobby,bar
49,plants,equivocal,tomatos,plant
49,artifact,equivocal,iron skillet,metal thing
49,animals,branching,dalmatian,dalmatian
49,artifact,overlapping,iron skillet,skillet
49,animals,overlapping,golden retriever,animal
49,animals,equivocal,goldfish,fish
49,plants,branching,carrot,carrot
49,places,equivocal,snowy forest,outdoor place
49,artifact,branching,lawnmower,thing
49,plants,overlapping,oak,plant
49,places,branching,mansion,building
50,plants,equivocal,sunflower,plant
50,plants,branching,sunflower,living plant
50,artifact,overlapping,wooden ruler,thing
50,artifact,branching,chair,seat
50,animals,branching,dalmatian,dalmatian
50,places,branching,office,building
50,animals,equivocal,betta fish,pet
50,plants,overlapping,flower,plant
50,artifact,equivocal,metal chair,metal thing
50,animals,overlapping,house cat,cat
50,places,equivocal,sunny beach,outdoor place
50,places,overlapping,diner,diner
51,plants,branching,tomatos,living plant
51,artifact,equivocal,iron skillet,metal thing
51,places,branching,office,building
51,plants,overlapping,oak,leaves
51,animals,branching,dalmatian,dalmatian
51,places,equivocal,snowy mountain,cold place
51,artifact,overlapping,iron skillet,skillet
51,animals,equivocal,dalmatian,pet
51,places,overlapping,diner,diner
51,artifact,branching,couch,furniture
51,plants,equivocal,burger,food
51,animals,overlapping,lion,lion
52,plants,branching,carrot,carrot
52,animals,overlapping,golden retriever,pet
52,places,equivocal,snowy forest,cold place
52,animals,equivocal,dalmatian,pet
52,artifact,equivocal,wooden chair,seat
52,artifact,branching,lawnmower,thing
52,plants,overlapping,oak,plant
52,artifact,overlapping,iron skillet,metal thing
52,places,overlapping,hotel lobby,bar
52,animals,branching,poodle,pet
52,places,branching,mansion,house
52,plants,equivocal,burger,food
53,animals,branching,siamese cat,pet
53,artifact,equivocal,metal stool,metal thing
53,plants,branching,tomatos,living plant
53,places,branching,mansion,place
53,artifact,overlapping,metal chair,thing
53,places,equivocal,sunny beach,outdoor place
53,animals,equivocal,goldfish,fish
53,places,overlapping,diner,restaurant
53,plants,overlapping,oak,leaves
53,plants,equivocal,tomatos,plant
53,artifact,branching,couch,seat
53,animals,overlapping,lion,lion
54,plants,equivocal,sunflower,plant
54,places,overlapping,diner,restaurant
54,places,branching,office,building
54,artifact,overlapping,wooden ruler,thing
54,plants,overlapping,flower,plant
54,places,equivocal,snowy forest,cold place
54,plants,branching,tomatos,food
54,animals,overlapping,lion,animal
54,artifact,branching,chair,seat
54,artifact,equivocal,metal chair,seat
54,animals,branching,dalmatian,dog
54,animals,equivocal,goldfish,pet
55,artifact,overlapping,iron skillet,skillet
55,artifact,equivocal,metal stool,metal thing
55,animals,overlapping,golden retriever,animal
55,animals,branching,dalmatian,dog
55,plants,overlapping,carrots,plant
55,plants,branching,tomatos,food
55,places,overlapping,diner,place
55,places,branching,cottage,house
55,places,equivocal,snowy mountain,cold place
55,animals,equivocal,dalmatian,pet
55,plants,equivocal,burger,food
55,artifact,branching,couch,couch
56,places,equivocal,snowy forest,outdoor place
56,places,overlapping,hotel lobby,bar
56,artifact,branching,couch,furniture
56,animals,equivocal,dalmatian,pet
56,animals,branching,dalmatian,dalmatian
56,artifact,overlapping,wooden ruler,thing
56,artifact,equivocal,metal chair,seat
56,plants,equivocal,tomatos,plant
56,places,branching,mansion,mansion
56,plants,overlapping,oak,leaves
56,plants,branching,carrot,food
56,animals,overlapping,house cat,animal
57,plants,overlapping,flower,plant
57,animals,equivocal,dalmatian,pet
57,artifact,equivocal,wooden chair,seat
57,plants,branching,tomatos,living plant
57,animals,branching,dalmatian,dog
57,places,equivocal,snowy mountain,cold place
57,plants,equivocal,burger,food
57,places,branching,mansion,mansion
57,artifact,branching,couch,furniture
57,artifact,overlapping,iron skillet,metal thing
57,places,overlapping,diner,restaurant
57,animals,overlapping,house cat,cat
58,places,branching,mansion,mansion
58,plants,equivocal,burger,food
58,artifact,overlapping,iron skillet,skillet
58,animals,overlapping,house cat,pet
58,animals,branching,siamese cat,pet
58,plants,branching,carrot,plant
58,artifact,equivocal,metal stool,seat
58,places,equivocal,sunny beach,outdoor place
58,animals,equivocal,dalmatian,pet
58,plants,overlapping,oak,leaves
58,places,overlapping,diner,diner
58,artifact,branching,chair,seat
59,places,branching,mansion,mansion
59,places,equivocal,snowy forest,outdoor place
59,animals,branching,dalmatian,dalmatian
59,animals,equivocal,goldfish,fish
59,artifact,branching,lawnmower,thing
59,animals,overlapping,lion,lion
59,places,overlapping,dive bar,bar
59,plants,equivocal,burger,food
59,artifact,overlapping,iron skillet,metal thing
59,plants,overlapping,oak,plant
59,artifact,equivocal,iron skillet,metal thing
59,plants,branching,tomatos,food
60,animals,equivocal,dalmatian,pet
60,plants,equivocal,tomatos,plant
60,artifact,branching,chair,seat
60,artifact,overlapping,metal chair,thing
60,artifact,equivocal,wooden chair,seat
60,animals,branching,poodle,pet
60,places,equivocal,snowy mountain,cold place
60,animals,overlapping,house cat,cat
60,plants,branching,tomatos,plant
60,plants,overlapping,lettuce,leaves
60,places,overlapping,dive bar,bar
60,places,branching,mansion,mansion
61,places,equivocal,snowy forest,outdoor place
61,animals,overlapping,house cat,cat
61,places,branching,office,building
61,artifact,overlapping,wooden chair,seat
61,artifact,branching,table,thing
61,plants,overlapping,oak,leaves
61,plants,branching,tomatos,living plant
61,animals,branching,dalmatian,dalmatian
61,artifact,equivocal,wooden chair,seat
61,plants,equivocal,tomatos,food
61,animals,equivocal,goldfish,fish
61,places,overlapping,hotel lobby,bar
62,plants,branching,tomatos,plant
62,animals,equivocal,goldfish,fish
62,places,equivocal,sunny beach,outdoor place
62,plants,equivocal,tomatos,food
62,artifact,equivocal,metal chair,seat
62,places,branching,mansion,mansion
62,plants,overlapping,carrots,carrots
62,artifact,overlapping,wooden chair,seat
62,animals,branching,siamese cat,animal
62,animals,overlapping,house cat,cat
62,artifact,branching,table,thing
62,places,overlapping,hotel lobby,bar
63,plants,overlapping,lettuce,plant
63,plants,equivocal,tomatos,plant
63,animals,branching,dalmatian,animal
63,places,branching,mansion,mansion
63,places,overlapping,hotel lobby,bar
63,animals,overlapping,lion,lion
63,artifact,overlapping,iron skillet,skillet
63,animals,equivocal,dalmatian,pet
63,artifact,branching,couch,furniture
63,places,equivocal,snowy forest,outdoor place
63,artifact,equivocal,metal chair,metal thing
63,plants,branching,tomatos,plant
64,artifact,branching,chair,seat
64,animals,branching,dalmatian,dalmatian
64,artifact,overlapping,iron skillet,skillet
64,animals,equivocal,dalmatian,pet
64,animals,overlapping,golden retriever,cat
64,places,overlapping,dive bar,place
64,plants,equivocal,burger,food
64,places,branching,office,place
64,artifact,equivocal,metal chair,metal thing
64,places,equivocal,snowy forest,outdoor place
64,plants,branching,carrot,plant
64,plants,overlapping,carrots,carrots
65,artifact,overlapping,wooden chair,seat
65,animals,equivocal,dalmatian,pet
65,plants,branching,tomatos,food
65,places,equivocal,snowy forest,cold place
65,places,branching,office,building
65,animals,branching,whale,animal
65,plants,equivocal,burger,food
65,artifact,equivocal,metal chair,metal thing
65,places,overlapping,park,place
65,plants,overlapping,oak,leaves
65,artifact,branching,couch,furniture
65,animals,overlapping,lion,lion
66,artifact,branching,couch,couch
66,animals,equivocal,goldfish,fish
66,artifact,equivocal,wooden chair,seat
66,artifact,overlapping,iron skillet,thing
66,places,overlapping,hotel lobby,bar
66,animals,branching,dalmatian,dalmatian
66,plants,branching,sunflower,plant
66,plants,overlapping,oak,leaves
66,places,branching,mansion,place
66,places,equivocal,snowy mountain,outdoor place
66,animals,overlapping,lion,animal
66,plants,equivocal,tomatos,plant
67,places,overlapping,hotel lobby,bar
67,places,equivocal,snowy forest,outdoor place
67,artifact,overlapping,wooden chair,seat
67,artifact,equivocal,wooden chair,seat
67,animals,equivocal,betta fish,fish
67,artifact,branching,couch,couch
67,places,branching,mansion,place
67,plants,equivocal,tomatos,plant
67,animals,branching,siamese cat,animal
67,animals,overlapping,house cat,cat
67,plants,branching,carrot,carrot
67,plants,overlapping,oak,leaves
68,animals,branching,poodle,animal
68,artifact,overlapping,metal chair,thing
68,places,equivocal,snowy mountain,cold place
68,animals,equivocal,goldfish,fish
68,plants,overlapping,oak,leaves
68,artifact,equivocal,wooden chair,seat
68,places,overlapping,diner,place
68,animals,overlapping,house cat,cat
68,plants,branching,tomatos,plant
68,places,branching,cottage,house
68,artifact,branching,couch,couch
68,plants,equivocal,tomatos,food
69,animals,overlapping,lion,animal
69,artifact,overlapping,wooden ruler,thing
69,plants,overlapping,flower,plant
69,plants,branching,carrot,carrot
69,artifact,branching,couch,couch
69,places,equivocal,snowy mountain,cold place
69,places,branching,mansion,mansion
69,animals,equivocal,goldfish,fish
69,plants,equivocal,burger,food
69,places,overlapping,diner,diner
69,animals,branching,dalmatian,dog
69,artifact,equivocal,metal stool,metal thing
70,plants,branching,carrot,carrot
70,places,equivocal,ice hotel room,cold place
70,artifact,branching,couch,couch
70,places,branching,cottage,building
70,animals,equivocal,angler fish,fish
70,plants,equivocal,tomatos,plant
70,plants,overlapping,carrots,food
70,animals,branching,dalmatian,pet
70,artifact,overlapping,iron skillet,metal thing
70,animals,overlapping,house cat,pet
70,artifact,equivocal,iron skillet,metal thing
70,places,overlapping,diner,diner
71,places,overlapping,diner,diner
71,artifact,equivocal,iron skillet,metal thing
71,places,branching,cottage,house
71,artifact,overlapping,wooden ruler,thing
71,animals,overlapping,golden retriever,pet
71,plants,equivocal,burger,food
71,places,equivocal,snowy mountain,cold place
71,plants,branching,tomatos,food
71,animals,equivocal,dalmatian,pet
71,artifact,branching,lawnmower,thing
71,plants,overlapping,carrots,food
71,animals,branching,dalmatian,animal
72,artifact,branching,couch,furniture
72,artifact,overlapping,wooden chair,seat
72,places,equivocal,snowy forest,cold place
72,animals,equivocal,goldfish,fish
72,animals,overlapping,house cat,pet
72,places,overlapping,hotel lobby,bar
72,plants,overlapping,carrots,food
72,places,branching,mansion,house
72,plants,branching,tomatos,living plant
72,animals,branching,dalmatian,animal
72,artifact,equivocal,wooden chair,seat
72,plants,equivocal,carrot,food
73,animals,overlapping,house cat,cat
73,plants,overlapping,carrots,food
73,animals,equivocal,betta fish,fish
73,places,equivocal,snowy forest,cold place
73,artifact,overlapping,metal chair,thing
73,places,branching,office,building
73,places,overlapping,diner,diner
73,artifact,equivocal,iron skillet,metal thing
73,animals,branching,dalmatian,pet
73,plants,equivocal,sunflower,plant
73,plants,branching,tomatos,living plant
73,artifact,branching,couch,furniture
74,animals,branching,siamese cat,pet
74,animals,equivocal,goldfish,fish
74,plants,equivocal,burger,food
74,plants,branching,carrot,carrot
74,artifact,overlapping,iron skillet,skillet
74,places,equivocal,sunny beach,outdoor place
74,places,branching,mansion,mansion
74,places,overlapping,hotel lobby,place
74,animals,overlapping,lion,lion
74,artifact,branching,couch,furniture
74,artifact,equivocal,wooden chair,seat
74,plants,overlapping,oak,plant
75,places,overlapping,diner,restaurant
75,artifact,equivocal,wooden chair,seat
75,plants,branching,tomatos,living plant
75,animals,overlapping,lion,lion
75,artifact,branching,couch,couch
75,plants,equivocal,burger,food
75,plants,overlapping,lettuce,plant
75,places,equivocal,sunny beach,outdoor place
75,artifact,overlapping,wooden chair,seat
75,places,branching,cottage,building
75,animals,equivocal,dalmatian,pet
75,animals,branching,dalmatian,dog
76,plants,equivocal,sunflower,plant
76,artifact,branching,lawnmower,thing
76,places,overlapping,hotel lobby,bar
76,places,branching,mansion,mansion
76,places,equivocal,snowy forest,outdoor place
76,artifact,equivocal,wooden chair,seat
76,plants,overlapping,oak,plant
76,animals,overlapping,house cat,pet
76,plants,branching,tomatos,living plant
76,animals,branching,dalmatian,pet
76,animals,equivocal,betta fish,fish
76,artifact,overlapping,iron skillet,skillet
77,plants,overlapping,oak,leaves
77,animals,branching,dalmatian,dog
77,plants,branching,tomatos,food
77,plants,equivocal,tomatos,plant
77,artifact,branching,couch,furniture
77,places,branching,office,building
77,places,overlapping,diner,diner
77,artifact,overlapping,wooden chair,seat
77,artifact,equivocal,wooden chair,seat
77,animals,overlapping,lion,animal
77,places,equivocal,snowy forest,outdoor place
77,animals,equivocal,goldfish,fish
78,artifact,overlapping,wooden chair,seat
78,places,branching,mansion,house
78,plants,overlapping,carrots,carrots
78,animals,branching,dalmatian,pet
78,animals,overlapping,lion,lion
78,places,overlapping,park,place
78,plants,equivocal,tomatos,plant
78,artifact,equivocal,iron skillet,metal thing
78,places,equivocal,snowy forest,outdoor place
78,animals,equivocal,goldfish,pet
78,plants,branching,tomatos,food
78,artifact,branching,couch,couch
79,animals,branching,whale,animal
79,places,equivocal,snowy forest,outdoor place
79,artifact,overlapping,iron skillet,skillet
79,artifact,branching,couch,furniture
79,plants,branching,tomatos,living plant
79,plants,overlapping,carrots,food
79,artifact,equivocal,metal chair,metal thing
79,plants,equivocal,tomatos,plant
79,places,overlapping,hotel lobby,bar
79,animals,equivocal,goldfish,fish
79,places,branching,mansion,mansion
79,animals,overlapping,lion,animal
80,plants,equivocal,tomatos,plant
80,artifact,branching,table,furniture
80,plants,overlapping,oak,leaves
80,animals,equivocal,dalmatian,pet
80,places,equivocal,snowy forest,cold place
80,animals,branching,dalmatian,dalmatian
80,artifact,equivocal,metal chair,seat
80,artifact,overlapping,iron skillet,skillet
80,animals,overlapping,house cat,cat
80,places,branching,cottage,house
80,places,overlapping,diner,place
80,plants,branching,tomatos,plant
81,artifact,equivocal,metal chair,seat
81,animals,equivocal,goldfish,fish
81,plants,equivocal,tomatos,plant
81,artifact,branching,couch,couch
81,places,branching,mansion,mansion
81,plants,branching,carrot,carrot
81,plants,overlapping,carrots,carrots
81,artifact,overlapping,wooden chair,seat
81,animals,overlapping,golden retriever,animal
81,places,equivocal,snowy forest,cold place
81,animals,branching,dalmatian,dog
81,places,overlapping,hotel lobby,bar
82,places,overlapping,diner,restaurant
82,artifact,branching,couch,couch
82,places,equivocal,snowy forest,cold place
82,plants,equivocal,burger,food
82,places,branching,cottage,house
82,artifact,overlapping,iron skillet,skillet
82,plants,overlapping,oak,leaves
82,plants,branching,dead flower,plant
82,animals,equivocal,goldfish,fish
82,animals,branching,dalmatian,dog
82,artifact,equivocal,metal chair,metal thing
82,animals,overlapping,lion,lion
83,animals,overlapping,lion,lion
83,animals,equivocal,dalmatian,pet
83,plants,overlapping,carrots,food
83,artifact,equivocal,iron skillet,metal thing
83,artifact,branching,table,thing
83,plants,branching,sunflower,living plant
83,artifact,overlapping,iron skillet,skillet
83,animals,branching,dalmatian,dalmatian
83,places,branching,mansion,mansion
83,places,overlapping,hotel lobby,bar
83,plants,equivocal,sunflower,plant
83,places,equivocal,ice hotel room,cold place
84,artifact,overlapping,wooden chair,seat
84,artifact,equivocal,wooden chair,seat
84,animals,branching,dalmatian,dog
84,places,branching,mansion,place
84,plants,branching,carrot,carrot
84,animals,equivocal,dalmatian,pet
84,animals,overlapping,golden retriever,animal
84,plants,overlapping,carrots,carrots
84,places,equivocal,sunny beach,outdoor place
84,plants,equivocal,burger,food
84,places,overlapping,diner,diner
84,artifact,branching,couch,couch
85,animals,overlapping,lion,lion
85,places,overlapping,dive bar,place
85,animals,equivocal,dalmatian,pet
85,artifact,equivocal,metal chair,metal thing
85,plants,equivocal,burger,food
85,plants,branching,carrot,carrot
85,animals,branching,dalmatian,dog
85,artifact,branching,couch,seat
85,places,branching,cottage,place
85,artifact,overlapping,iron skillet,skillet
85,plants,overlapping,oak,leaves
85,places,equivocal,snowy mountain,cold place
86,animals,overlapping,lion,animal
86,animals,equivocal,goldfish,fish
86,artifact,branching,couch,couch
86,places,equivocal,sunny beach,outdoor place
86,plants,branching,carrot,carrot
86,places,overlapping,diner,restaurant
86,artifact,equivocal,metal chair,seat
86,animals,branching,dalmatian,dalmatian
86,places,branching,mansion,mansion
86,artifact,overlapping,wooden chair,seat
86,plants,overlapping,oak,plant
86,plants,equivocal,burger,food
87,places,branching,mansion,mansion
87,artifact,equivocal,wooden chair,seat
87,places,equivocal,sunny beach,outdoor place
87,artifact,branching,lawnmower,thing
87,plants,equivocal,carrot,plant
87,plants,overlapping,carrots,food
87,animals,branching,dalmatian,dalmatian
87,animals,equivocal,dalmatian,pet
87,artifact,overlapping,iron skillet,skillet
87,plants,branching,carrot,carrot
87,places,overlapping,hotel lobby,bar
87,animals,overlapping,lion,lion
88,animals,overlapping,house cat,cat
88,plants,equivocal,carrot,food
88,artifact,overlapping,wooden chair,seat
88,places,overlapping,diner,place
88,plants,overlapping,flower,plant
88,places,branching,office,building
88,artifact,equivocal,iron skillet,metal thing
88,artifact,branching,couch,couch
88,places,equivocal,snowy forest,cold place
88,animals,branching,dalmatian,pet
88,plants,branching,tomatos,plant
88,animals,equivocal,goldfish,fish
89,places,overlapping,diner,restaurant
89,animals,overlapping,house cat,pet
89,places,branching,mansion,mansion
89,plants,branching,carrot,food
89,places,equivocal,snowy mountain,cold place
89,animals,equivocal,dalmatian,pet
89,artifact,equivocal,metal chair,seat
89,animals,branching,whale,animal
89,plants,overlapping,oak,leaves
89,artifact,overlapping,iron skillet,skillet
89,artifact,branching,chair,seat
89,plants,equivocal,burger,food
90,animals,overlapping,house cat,animal
90,plants,branching,tomatos,food
90,animals,branching,siamese cat,pet
90,plants,overlapping,oak,leaves
90,animals,equivocal,dalmatian,pet
90,places,overlapping,hotel lobby,place
90,artifact,branching,couch,seat
90,artifact,overlapping,iron skillet,metal thing
90,places,equivocal,sunny beach,outdoor place
90,artifact,equivocal,metal chair,seat
90,places,branching,cottage,building
90,plants,equivocal,burger,food
91,places,equivocal,snowy mountain,cold place
91,plants,overlapping,oak,plant
91,artifact,equivocal,metal stool,metal thing
91,animals,branching,siamese cat,animal
91,artifact,overlapping,iron skillet,skillet
91,animals,equivocal,betta fish,fish
91,places,branching,mansion,mansion
91,plants,equivocal,carrot,food
91,places,overlapping,diner,restaurant
91,plants,branching,tomatos,living plant
91,animals,overlapping,lion,lion
91,artifact,branching,chair,seat
92,artifact,equivocal,iron skillet,metal thing
92,plants,branching,carrot,food
92,plants,overlapping,oak,leaves
92,places,equivocal,snowy forest,outdoor place
92,animals,branching,whale,animal
92,places,overlapping,dive bar,bar
92,animals,equivocal,dalmatian,pet
92,places,branching,mansion,building
92,plants,equivocal,carrot,food
92,animals,overlapping,house cat,pet
92,artifact,branching,lawnmower,thing
92,artifact,overlapping,wooden ruler,thing
93,artifact,equivocal,wooden chair,seat
93,animals,equivocal,goldfish,fish
93,artifact,overlapping,wooden ruler,thing
93,places,equivocal,sunny beach,outdoor place
93,plants,equivocal,sunflower,plant
93,plants,branching,carrot,carrot
93,places,branching,mansion,mansion
93,animals,overlapping,lion,lion
93,artifact,branching,table,thing
93,animals,branching,dalmatian,dog
93,plants,overlapping,oak,leaves
93,places,overlapping,hotel lobby,bar
94,animals,equivocal,goldfish,fish
94,plants,branching,dead flower,plant
94,animals,overlapping,golden retriever,animal
94,places,branching,office,building
94,places,overlapping,hotel lobby,restaurant
94,artifact,overlapping,iron skillet,skillet
94,artifact,equivocal,metal chair,metal thing
94,plants,equivocal,sunflower,plant
94,plants,overlapping,carrots,food
94,artifact,branching,couch,furniture
94,places,equivocal,snowy mountain,cold place
94,animals,branching,dalmatian,dog
95,animals,overlapping,lion,lion
95,artifact,equivocal,wooden chair,seat
95,plants,branching,carrot,carrot
95,animals,equivocal,betta fish,fish
95,plants,equivocal,tomatos,food
95,places,overlapping,hotel lobby,bar
95,places,equivocal,sunny beach,outdoor place
95,artifact,overlapping,wooden chair,seat
95,animals,branching,dalmatian,animal
95,plants,overlapping,lettuce,plant
95,artifact,branching,couch,furniture
95,places,branching,office,building
96,plants,branching,carrot,carrot
96,animals,overlapping,house cat,cat
96,places,overlapping,hotel lobby,bar
96,places,equivocal,snowy mountain,cold place
96,plants,overlapping,carrots,carrots
96,artifact,branching,chair,furniture
96,animals,equivocal,goldfish,fish
96,artifact,overlapping,iron skillet,skillet
96,artifact,equivocal,iron skillet,metal thing
96,plants,equivocal,burger,food
96,animals,branching,poodle,dog
96,places,branching,cottage,place
97,animals,branching,siamese cat,animal
97,plants,equivocal,burger,food
97,artifact,overlapping,iron skillet,metal thing
97,artifact,branching,chair,furniture
97,places,branching,park,place
97,places,equivocal,snowy mountain,cold place
97,animals,equivocal,goldfish,fish
97,places,overlapping,park,place
97,plants,overlapping,carrots,food
97,artifact,equivocal,iron skillet,metal thing
97,animals,overlapping,lion,lion
97,plants,branching,tomatos,living plant
98,plants,overlapping,carrots,carrots
98,places,branching,mansion,house
98,places,equivocal,sunny beach,outdoor place
98,animals,branching,poodle,pet
98,places,overlapping,hotel lobby,bar
98,artifact,equivocal,metal stool,metal thing
98,plants,branching,carrot,carrot
98,animals,equivocal,dalmatian,pet
98,artifact,overlapping,metal chair,seat
98,plants,equivocal,burger,food
98,artifact,branching,couch,couch
98,animals,overlapping,golden retriever,pet
99,places,equivocal,sunny beach,outdoor place
99,plants,overlapping,lettuce,food
99,plants,equivocal,burger,food
99,artifact,equivocal,wooden chair,seat
99,places,branching,mansion,mansion
99,animals,overlapping,whale,animal
99,artifact,overlapping,iron skillet,skillet
99,artifact,branching,couch,furniture
99,places,overlapping,diner,diner
99,animals,equivocal,betta fish,fish
99,animals,branching,siamese cat,animal
99,plants,branching,dead flower,plant
100,plants,overlapping,carrots,food
100,plants,equivocal,sunflower,plant
100,animals,overlapping,lion,lion
100,places,branching,mansion,mansion
100,plants,branching,sunflower,plant
100,places,equivocal,sunny beach,outdoor place
100,animals,equivocal,dalmatian,pet
100,artifact,overlapping,wooden ruler,thing
100,animals,branching,dalmatian,dog
100,artifact,branching,lawnmower,thing
100,artifact,equivocal,iron skillet,metal thing
100,places,overlapping,park,place
101,artifact,overlapping,metal chair,metal thing
101,artifact,branching,lawnmower,thing
101,animals,branching,whale,animal
101,places,branching,cottage,mansion
101,artifact,equivocal,metal chair,metal thing
101,plants,branching,tomatos,food
101,animals,overlapping,lion,animal
101,plants,equivocal,sunflower,plant
101,places,overlapping,diner,diner
101,plants,overlapping,oak,plant
101,animals,equivocal,dalmatian,pet
101,places,equivocal,snowy forest,cold place
102,animals,overlapping,house cat,cat
102,artifact,equivocal,iron skillet,metal thing
102,plants,overlapping,carrots,food
102,plants,branching,sunflower,living plant
102,artifact,branching,lawnmower,thing
102,places,equivocal,snowy mountain,outdoor place
102,animals,branching,dalmatian,dog
102,artifact,overlapping,iron skillet,skillet
102,places,branching,mansion,mansion
102,places,overlapping,dive bar,place
102,plants,equivocal,tomatos,plant
102,animals,equivocal,dalmatian,pet
103,animals,branching,dalmatian,dalmatian
103,plants,equivocal,burger,food
103,animals,overlapping,house cat,animal
103,places,equivocal,sunny beach,outdoor place
103,plants,branching,tomatos,food
103,artifact,overlapping,wooden chair,seat
103,animals,equivocal,goldfish,fish
103,artifact,branching,couch,seat
103,artifact,equivocal,iron skillet,metal thing
103,plants,overlapping,oak,plant
103,places,branching,mansion,place
103,places,overlapping,hotel lobby,place
104,artifact,overlapping,iron skillet,skillet
104,plants,equivocal,tomatos,plant
104,plants,overlapping,carrots,carrots
104,places,branching,mansion,mansion
104,plants,branching,tomatos,plant
104,places,overlapping,hotel lobby,bar
104,animals,branching,dalmatian,animal
104,animals,overlapping,golden retriever,pet
104,artifact,equivocal,wooden chair,seat
104,artifact,branching,chair,seat
104,animals,equivocal,goldfish,fish
104,places,equivocal,snowy mountain,cold place
105,plants,equivocal,sunflower,plant
105,animals,branching,dalmatian,dog
105,plants,branching,tomatos,living plant
105,places,overlapping,diner,restaurant
105,places,equivocal,sunny beach,outdoor place
105,artifact,branching,chair,seat
105,plants,overlapping,lettuce,leaves
105,animals,overlapping,whale,animal
105,places,branching,cottage,house
105,animals,equivocal,dalmatian,pet
105,artifact,overlapping,wooden chair,seat
105,artifact,equivocal,wooden chair,seat
106,places,equivocal,snowy mountain,cold place
106,artifact,branching,lawnmower,thing
106,plants,equivocal,sunflower,plant
106,animals,overlapping,lion,lion
106,plants,branching,tomatos,living plant
106,places,branching,mansion,mansion
106,animals,equivocal,goldfish,fish
106,artifact,equivocal,iron skillet,metal thing
106,artifact,overlapping,iron skillet,metal thing
106,animals,branching,dalmatian,pet
106,plants,overlapping,oak,leaves
106,places,overlapping,diner,bar
107,places,branching,cottage,house
107,places,overlapping,hotel lobby,bar
107,animals,branching,siamese cat,animal
107,plants,overlapping,carrots,carrots
107,plants,branching,carrot,food
107,artifact,branching,couch,seat
107,places,equivocal,snowy forest,cold place
107,artifact,overlapping,wooden chair,seat
107,animals,equivocal,dalmatian,pet
107,animals,overlapping,house cat,pet
107,plants,equivocal,sunflower,plant
107,artifact,equivocal,metal chair,metal thing
108,artifact,overlapping,metal chair,seat
108,places,overlapping,hotel lobby,bar
108,plants,equivocal,tomatos,plant
108,places,equivocal,snowy forest,cold place
108,plants,branching,tomatos,living plant
108,animals,equivocal,dalmatian,pet
108,plants,overlapping,lettuce,leaves
108,animals,branching,dalmatian,dalmatian
108,artifact,branching,couch,couch
108,places,branching,mansion,place
108,animals,overlapping,golden retriever,pet
108,artifact,equivocal,wooden chair,seat
109,artifact,branching,couch,furniture
109,places,overlapping,diner,restaurant
109,artifact,overlapping,iron skillet,metal thing
109,places,branching,mansion,mansion
109,plants,overlapping,oak,leaves
109,animals,branching,poodle,dog
109,artifact,equivocal,metal stool,metal thing
109,plants,equivocal,tomatos,plant
109,animals,overlapping,house cat,animal
109,animals,equivocal,angler fish,fish
109,plants,branching,carrot,food
109,places,equivocal,sunny beach,outdoor place
110,plants,branching,dead flower,plant
110,animals,branching,poodle,dog
110,artifact,overlapping,wooden ruler,thing
110,places,branching,office,building
110,animals,equivocal,goldfish,fish
110,artifact,equivocal,wooden chair,seat
110,places,overlapping,dive bar,bar
110,plants,overlapping,lettuce,leaves
110,places,equivocal,sunny beach,outdoor place
110,animals,overlapping,golden retriever,animal
110,plants,equivocal,tomatos,plant
110,artifact,branching,chair,seat
111,plants,overlapping,flower,plant
111,places,overlapping,dive bar,place
111,plants,branching,sunflower,living plant
111,animals,equivocal,betta fish,pet
111,animals,overlapping,lion,lion
111,artifact,branching,table,thing
111,artifact,equivocal,wooden chair,seat
111,places,branching,office,building
111,places,equivocal,snowy mountain,cold place
111,plants,equivocal,tomatos,plant
111,artifact,overlapping,iron skillet,skillet
111,animals,branching,dalmatian,dog
112,plants,equivocal,burger,food
112,artifact,equivocal,wooden chair,seat
112,places,branching,office,place
112,animals,equivocal,dalmatian,pet
112,animals,overlapping,lion,lion
112,artifact,branching,couch,furniture
112,places,equivocal,snowy mountain,cold place
112,plants,overlapping,carrots,carrots
112,places,overlapping,diner,place
112,artifact,overlapping,iron skillet,skillet
112,plants,branching,carrot,carrot
112,animals,branching,dalmatian,pet
113,animals,overlapping,house cat,cat
113,places,overlapping,park,place
113,places,equivocal,snowy mountain,cold place
113,animals,branching,poodle,pet
113,artifact,equivocal,metal chair,metal thing
113,plants,branching,tomatos,plant
113,artifact,branching,couch,couch
113,plants,equivocal,burger,food
113,places,branching,park,place
113,artifact,overlapping,iron skillet,skillet
113,plants,overlapping,carrots,food
113,animals,equivocal,dalmatian,pet
114,places,branching,cottage,place
114,artifact,branching,couch,couch
114,animals,overlapping,golden retriever,pet
114,places,equivocal,ice hotel room,cold place
114,places,overlapping,diner,diner
114,animals,equivocal,dalmatian,pet
114,artifact,overlapping,iron skillet,metal thing
114,plants,equivocal,tomatos,plant
114,animals,branching,dalmatian,dalmatian
114,plants,overlapping,oak,plant
114,artifact,equivocal,iron skillet,metal thing
114,plants,branching,tomatos,living plant
115,places,overlapping,hotel lobby,bar
115,plants,overlapping,oak,plant
115,plants,equivocal,burger,food
115,artifact,overlapping,wooden ruler,thing
115,places,equivocal,sunny beach,outdoor place
115,places,branching,mansion,building
115,artifact,branching,couch,furniture
115,animals,overlapping,house cat,cat
115,plants,branching,sunflower,plant
115,artifact,equivocal,wooden chair,seat
115,animals,branching,poodle,dog
115,animals,equivocal,dalmatian,pet
116,animals,equivocal,goldfish,fish
116,animals,overlapping,golden retriever,pet
116,artifact,overlapping,wooden chair,seat
116,artifact,branching,table,furniture
116,animals,branching,dalmatian,pet
116,places,overlapping,dive bar,place
116,artifact,equivocal,iron skillet,metal thing
116,plants,branching,sunflower,living plant
116,places,equivocal,snowy mountain,cold place
116,plants,overlapping,carrots,food
116,places,branching,mansion,mansion
116,plants,equivocal,sunflower,plant
117,animals,equivocal,angler fish,fish
117,places,branching,mansion,building
117,artifact,overlapping,iron skillet,thing
117,plants,overlapping,carrots,food
117,animals,overlapping,house cat,pet
117,plants,equivocal,burger,food
117,places,equivocal,snowy forest,cold place
117,places,overlapping,hotel lobby,bar
117,animals,branching,siamese cat,pet
117,artifact,branching,lawnmower,thing
117,plants,branching,carrot,carrot
117,artifact,equivocal,wooden chair,seat
118,animals,equivocal,betta fish,fish
118,plants,branching,sunflower,living plant
118,places,overlapping,hotel lobby,place
118,places,equivocal,snowy mountain,cold place
118,animals,branching,poodle,animal
118,places,branching,office,building
118,artifact,overlapping,iron skillet,skillet
118,plants,equivocal,burger,food
118,artifact,equivocal,wooden chair,seat
118,animals,overlapping,golden retriever,animal
118,artifact,branching,chair,seat
118,plants,overlapping,carrots,carrots
119,animals,overlapping,lion,lion
119,artifact,overlapping,iron skillet,metal thing
119,artifact,equivocal,metal stool,metal thing
119,plants,overlapping,flower,plant
119,animals,branching,dalmatian,dog
119,places,branching,mansion,mansion
119,places,equivocal,snowy forest,outdoor place
119,animals,equivocal,goldfish,fish
119,plants,equivocal,tomatos,food
119,artifact,branching,couch,seat
119,plants,branching,carrot,living plant
119,places,overlapping,diner,diner
120,artifact,branching,couch,couch
120,animals,overlapping,house cat,animal
120,plants,overlapping,lettuce,leaves
120,places,equivocal,snowy mountain,cold place
120,artifact,overlapping,iron skillet,skillet
120,places,overlapping,diner,restaurant
120,plants,equivocal,burger,food
120,places,branching,office,place
120,plants,branching,carrot,carrot
120,animals,equivocal,goldfish,fish
120,artifact,equivocal,metal chair,metal thing
120,animals,branching,dalmatian,dalmatian
121,animals,branching,dalmatian,animal
121,plants,branching,tomatos,plant
121,artifact,overlapping,iron skillet,skillet
121,animals,equivocal,dalmatian,pet
121,plants,overlapping,carrots,carrots
121,places,overlapping,diner,place
121,artifact,branching,couch,couch
121,artifact,equivocal,metal chair,seat
121,plants,equivocal,tomatos,plant
121,places,branching,cottage,house
121,animals,overlapping,lion,lion
121,places,equivocal,snowy forest,outdoor place
122,plants,equivocal,burger,food
122,artifact,equivocal,iron skillet,metal thing
122,places,equivocal,snowy forest,cold place
122,animals,branching,whale,animal
122,animals,overlapping,lion,lion
122,artifact,overlapping,iron skillet,metal thing
122,plants,branching,sunflower,living plant
122,artifact,branching,couch,couch
122,animals,equivocal,goldfish,fish
122,places,branching,mansion,place
122,plants,overlapping,oak,leaves
122,places,overlapping,hotel lobby,bar
123,artifact,overlapping,metal chair,thing
123,plants,overlapping,oak,plant
123,places,branching,office,building
123,places,overlapping,dive bar,bar
123,animals,branching,dalmatian,pet
123,plants,equivocal,tomatos,plant
123,artifact,equivocal,wooden chair,seat
123,animals,equivocal,betta fish,fish
123,plants,branching,sunflower,plant
123,artifact,branching,couch,furniture
123,animals,overlapping,lion,animal
123,places,equivocal,snowy forest,cold place
124,artifact,overlapping,wooden chair,seat
124,animals,equivocal,dalmatian,pet
124,plants,branching,sunflower,plant
124,places,equivocal,snowy mountain,cold place
124,places,branching,cottage,place
124,plants,equivocal,burger,food
124,animals,branching,siamese cat,pet
124,plants,overlapping,carrots,carrots
124,artifact,branching,chair,seat
124,places,overlapping,diner,restaurant
124,artifact,equivocal,iron skillet,metal thing
124,animals,overlapping,house cat,cat
125,places,branching,cottage,house
125,places,overlapping,hotel lobby,place
125,artifact,equivocal,metal chair,metal thing
125,animals,overlapping,house cat,pet
125,artifact,overlapping,metal chair,metal thing
125,plants,branching,carrot,carrot
125,plants,overlapping,oak,leaves
125,artifact,branching,chair,seat
125,plants,equivocal,carrot,food
125,places,equivocal,sunny beach,outdoor place
125,animals,branching,siamese cat,pet
125,animals,equivocal,dalmatian,pet
126,plants,branching,sunflower,plant
126,animals,branching,siamese cat,pet
126,places,equivocal,snowy forest,cold place
126,artifact,branching,chair,thing
126,places,overlapping,diner,restaurant
126,places,branching,mansion,place
126,animals,overlapping,house cat,pet
126,artifact,overlapping,metal chair,seat
126,plants,overlapping,flower,plant
126,artifact,equivocal,metal chair,metal thing
126,plants,equivocal,sunflower,plant
126,animals,equivocal,goldfish,fish
127,artifact,equivocal,metal chair,metal thing
127,plants,overlapping,oak,leaves
127,plants,equivocal,burger,food
127,plants,branching,carrot,carrot
127,places,branching,office,place
127,artifact,branching,couch,seat
127,animals,equivocal,dalmatian,pet
127,places,overlapping,dive bar,bar
127,places,equivocal,ice hotel room,cold place
127,animals,overlapping,house cat,cat
127,animals,branching,dalmatian,dog
127,artifact,overlapping,iron skillet,skillet
128,artifact,equivocal,iron skillet,metal thing
128,artifact,overlapping,wooden chair,seat
128,plants,branching,sunflower,plant
128,places,branching,office,place
128,places,equivocal,snowy mountain,cold place
128,artifact,branching,lawnmower,thing
128,animals,equivocal,dalmatian,pet
128,animals,overlapping,house cat,animal
128,plants,overlapping,carrots,food
128,places,overlapping,diner,restaurant
128,plants,equivocal,sunflower,plant
128,animals,branching,siamese cat,pet
129,places,equivocal,snowy mountain,outdoor place
129,artifact,equivocal,wooden chair,seat
129,animals,branching,poodle,animal
129,plants,branching,dead flower,plant
129,artifact,overlapping,metal chair,seat
129,plants,overlapping,oak,plant
129,artifact,branching,table,furniture
129,plants,equivocal,burger,food
129,places,overlapping,park,place
129,animals,overlapping,lion,lion
129,places,branching,cottage,place
129,animals,equivocal,dalmatian,pet
130,artifact,branching,chair,seat
130,artifact,equivocal,metal stool,metal thing
130,places,equivocal,snowy forest,cold place
130,animals,overlapping,house cat,cat
130,places,branching,mansion,mansion
130,plants,branching,tomatos,plant
130,plants,equivocal,tomatos,plant
130,places,overlapping,hotel lobby,bar
130,artifact,overlapping,metal chair,metal thing
130,plants,overlapping,oak,plant
130,animals,branching,dalmatian,pet
130,animals,equivocal,goldfish,fish
131,animals,equivocal,betta fish,fish
131,plants,equivocal,carrot,plant
131,animals,overlapping,golden retriever,animal
131,artifact,branching,couch,couch
131,places,overlapping,diner,bar
131,artifact,overlapping,wooden ruler,thing
131,plants,overlapping,lettuce,leaves
131,places,equivocal,sunny beach,outdoor place
131,animals,branching,siamese cat,pet
131,places,branching,mansion,mansion
131,artifact,equivocal,metal chair,seat
131,plants,branching,carrot,food
132,places,overlapping,diner,bar
132,plants,overlapping,flower,plant
132,plants,equivocal,sunflower,plant
132,artifact,branching,chair,seat
132,animals,equivocal,dalmatian,pet
132,places,branching,mansion,mansion
132,animals,overlapping,lion,animal
132,artifact,equivocal,iron skillet,metal thing
132,animals,branching,dalmatian,dalmatian
132,artifact,overlapping,iron skillet,skillet
132,plants,branching,carrot,carrot
132,places,equivocal,snowy mountain,cold place
133,artifact,branching,lawnmower,thing
133,plants,equivocal,tomatos,plant
133,plants,overlapping,carrots,food
133,animals,equivocal,betta fish,pet
133,places,overlapping,diner,restaurant
133,plants,branching,carrot,carrot
133,places,equivocal,snowy mountain,cold place
133,artifact,overlapping,iron skillet,skillet
133,animals,overlapping,lion,lion
133,artifact,equivocal,metal chair,metal thing
133,places,branching,mansion,mansion
133,animals,branching,dalmatian,dalmatian
134,places,equivocal,snowy mountain,outdoor place
134,animals,equivocal,goldfish,pet
134,plants,equivocal,burger,food
134,artifact,branching,chair,seat
134,places,branching,mansion,mansion
134,plants,branching,tomatos,living plant
134,plants,overlapping,oak,plant
134,places,overlapping,dive bar,bar
134,artifact,equivocal,wooden chair,seat
134,animals,branching,siamese cat,animal
134,animals,overlapping,house cat,cat
134,artifact,overlapping,iron skillet,skillet
135,animals,equivocal,betta fish,pet
135,artifact,branching,lawnmower,thing
135,places,branching,mansion,mansion
135,animals,overlapping,lion,animal
135,places,overlapping,hotel lobby,restaurant
135,plants,branching,carrot,living plant
135,artifact,equivocal,wooden chair,seat
135,places,equivocal,snowy mountain,cold place
135,artifact,overlapping,iron skillet,skillet
135,plants,overlapping,oak,plant
135,animals,branching,poodle,animal
135,plants,equivocal,sunflower,plant
136,places,overlapping,hotel lobby,bar
136,places,equivocal,snowy forest,cold place
136,places,branching,mansion,house
136,animals,equivocal,dalmatian,pet
136,animals,branching,dalmatian,dalmatian
136,animals,overlapping,lion,lion
136,plants,overlapping,carrots,food
136,artifact,equivocal,metal stool,metal thing
136,artifact,branching,couch,couch
136,plants,equivocal,tomatos,plant
136,artifact,overlapping,wooden ruler,thing
136,plants,branching,tomatos,living plant
137,animals,branching,siamese cat,animal
137,animals,equivocal,dalmatian,pet
137,places,equivocal,snowy forest,cold place
137,plants,equivocal,sunflower,plant
137,places,branching,mansion,building
137,animals,overlapping,house cat,cat
137,places,overlapping,diner,place
137,plants,overlapping,oak,plant
137,artifact,equivocal,metal chair,metal thing
137,artifact,overlapping,wooden chair,seat
137,plants,branching,tomatos,food
137,artifact,branching,chair,thing
138,plants,overlapping,oak,leaves
138,plants,branching,tomatos,living plant
138,animals,overlapping,house cat,animal
138,places,branching,mansion,house
138,animals,equivocal,dalmatian,pet
138,artifact,branching,lawnmower,thing
138,plants,equivocal,carrot,plant
138,artifact,equivocal,wooden chair,seat
138,animals,branching,dalmatian,dalmatian
138,artifact,overlapping,wooden chair,seat
138,places,equivocal,sunny beach,outdoor place
138,places,overlapping,dive bar,place
139,artifact,overlapping,iron skillet,thing
139,animals,overlapping,golden retriever,pet
139,places,overlapping,diner,restaurant
139,places,branching,mansion,place
139,artifact,branching,chair,furniture
139,animals,equivocal,goldfish,fish
139,artifact,equivocal,wooden chair,seat
139,animals,branching,dalmatian,animal
139,plants,branching,tomatos,food
139,places,equivocal,snowy forest,cold place
139,plants,overlapping,carrots,carrots
139,plants,equivocal,carrot,plant
140,plants,branching,tomatos,food
140,artifact,branching,lawnmower,thing
140,artifact,equivocal,metal chair,seat
140,places,branching,office,building
140,animals,overlapping,house cat,pet
140,animals,equivocal,goldfish,fish
140,places,overlapping,hotel lobby,bar
140,places,equivocal,sunny beach,outdoor place
140,plants,equivocal,tomatos,plant
140,artifact,overlapping,wooden chair,seat
140,animals,branching,siamese cat,pet
140,plants,overlapping,carrots,food
141,places,branching,office,building
141,plants,equivocal,burger,food
141,animals,overlapping,house cat,cat
141,animals,branching,dalmatian,dalmatian
141,artifact,equivocal,metal stool,seat
141,places,equivocal,snowy forest,cold place
141,plants,overlapping,oak,leaves
141,artifact,branching,chair,seat
141,animals,equivocal,betta fish,fish
141,plants,branching,tomatos,plant
141,places,overlapping,diner,restaurant
141,artifact,overlapping,metal chair,seat
142,animals,overlapping,golden retriever,animal
142,artifact,equivocal,iron skillet,metal thing
142,plants,overlapping,carrots,food
142,artifact,branching,couch,seat
142,animals,branching,dalmatian,dalmatian
142,places,equivocal,sunny beach,outdoor place
142,places,overlapping,hotel lobby,place
142,places,branching,park,place
142,animals,equivocal,dalmatian,pet
142,artifact,overlapping,wooden ruler,thing
142,plants,equivocal,burger,food
142,plants,branching,sunflower,living plant
143,artifact,overlapping,metal chair,seat
143,plants,overlapping,lettuce,plant
143,places,overlapping,hotel lobby,restaurant
143,plants,branching,carrot,carrot
143,animals,equivocal,dalmatian,pet
143,artifact,branching,couch,furniture
143,animals,branching,siamese cat,pet
143,artifact,equivocal,wooden chair,seat
143,animals,overlapping,lion,lion
143,places,equivocal,snowy mountain,cold place
143,plants,equivocal,tomatos,plant
143,places,branching,mansion,mansion
144,artifact,equivocal,metal chair,metal thing
144,places,equivocal,snowy forest,cold place
144,plants,branching,tomatos,food
144,animals,equivocal,goldfish,fish
144,animals,overlapping,house cat,pet
144,animals,branching,dalmatian,dog
144,plants,equivocal,tomatos,plant
144,artifact,overlapping,metal chair,seat
144,plants,overlapping,oak,plant
144,artifact,branching,lawnmower,thing
144,places,branching,mansion,mansion
144,places,overlapping,diner,restaurant
145,animals,branching,dalmatian,pet
145,plants,equivocal,burger,food
145,places,overlapping,diner,restaurant
145,artifact,branching,chair,seat
145,plants,overlapping,carrots,carrots
145,plants,branching,sunflower,plant
145,artifact,overlapping,iron skillet,metal thing
145,places,branching,mansion,mansion
145,places,equivocal,snowy forest,outdoor place
145,animals,overlapping,house cat,cat
145,artifact,equivocal,iron skillet,metal thing
145,animals,equivocal,dalmatian,pet
146,plants,equivocal,tomatos,plant
146,animals,overlapping,lion,lion
146,places,overlapping,diner,restaurant
146,places,branching,office,building
146,artifact,overlapping,metal chair,seat
146,plants,branching,tomatos,living plant
146,plants,overlapping,carrots,carrots
146,animals,branching,poodle,pet
146,artifact,branching,couch,furniture
146,animals,equivocal,goldfish,fish
146,artifact,equivocal,iron skillet,metal thing
146,places,equivocal,snowy forest,cold place
147,animals,overlapping,lion,animal
147,plants,branching,sunflower,plant
147,artifact,overlapping,metal chair,metal thing
147,places,equivocal,snowy mountain,cold place
147,places,overlapping,hotel lobby,bar
147,animals,branching,poodle,animal
147,animals,equivocal,dalmatian,pet
147,artifact,equivocal,metal chair,metal thing
147,places,branching,mansion,place
147,plants,overlapping,carrots,carrots
147,artifact,branching,couch,couch
147,plants,equivocal,burger,food
148,plants,branching,sunflower,living plant
148,places,overlapping,hotel lobby,bar
148,plants,overlapping,oak,plant
148,places,equivocal,snowy forest,outdoor place
148,artifact,branching,couch,furniture
148,animals,equivocal,goldfish,fish
148,artifact,overlapping,metal chair,seat
148,places,branching,mansion,building
148,animals,overlapping,house cat,pet
148,animals,branching,dalmatian,dalmatian
148,plants,equivocal,carrot,food
148,artifact,equivocal,metal chair,metal thing
149,plants,overlapping,lettuce,leaves
149,artifact,overlapping,metal chair,metal thing
149,plants,branching,carrot,carrot
149,places,branching,mansion,mansion
149,animals,overlapping,house cat,cat
149,animals,branching,poodle,pet
149,places,overlapping,diner,restaurant
149,artifact,branching,couch,couch
149,animals,equivocal,angler fish,fish
149,places,equivocal,sunny beach,outdoor place
149,plants,equivocal,burger,food
149,artifact,equivocal,metal chair,metal thing
150,places,branching,mansion,mansion
150,artifact,overlapping,iron skillet,metal thing
150,plants,branching,tomatos,living plant
150,animals,equivocal,betta fish,fish
150,artifact,branching,couch,seat
150,animals,overlapping,lion,animal
150,places,overlapping,diner,diner
150,artifact,equivocal,wooden chair,seat
150,plants,equivocal,tomatos,food
150,animals,branching,dalmatian,dalmatian
150,places,equivocal,sunny beach,outdoor place
150,plants,overlapping,oak,leaves
151,places,equivocal,snowy mountain,outdoor place
151,animals,overlapping,house cat,cat
151,animals,equivocal,goldfish,fish
151,animals,branching,dalmatian,dalmatian
151,places,branching,mansion,house
151,plants,branching,carrot,carrot
151,artifact,equivocal,iron skillet,metal thing
151,plants,overlapping,carrots,food
151,places,overlapping,diner,restaurant
151,plants,equivocal,burger,food
151,artifact,branching,table,thing
151,artifact,overlapping,iron skillet,thing
152,artifact,equivocal,metal chair,metal thing
152,artifact,overlapping,wooden ruler,thing
152,animals,branching,dalmatian,dalmatian
152,places,overlapping,diner,restaurant
152,places,branching,mansion,house
152,plants,equivocal,tomatos,plant
152,plants,overlapping,carrots,carrots
152,plants,branching,carrot,carrot
152,artifact,branching,table,thing
152,places,equivocal,sunny beach,outdoor place
152,animals,overlapping,house cat,cat
152,animals,equivocal,betta fish,fish
153,plants,equivocal,tomatos,plant
153,animals,equivocal,goldfish,fish
153,artifact,overlapping,iron skillet,skillet
153,plants,branching,tomatos,food
153,plants,overlapping,carrots,carrots
153,places,equivocal,snowy mountain,cold place
153,places,overlapping,diner,restaurant
153,places,branching,mansion,place
153,artifact,branching,couch,couch
153,animals,overlapping,house cat,pet
153,animals,branching,dalmatian,dog
153,artifact,equivocal,metal chair,metal thing
154,places,branching,mansion,house
154,artifact,overlapping,iron skillet,skillet
154,plants,overlapping,oak,plant
154,places,equivocal,snowy forest,cold place
154,animals,overlapping,house cat,cat
154,plants,equivocal,burger,food
154,animals,branching,siamese cat,animal
154,artifact,branching,table,furniture
154,artifact,equivocal,iron skillet,metal thing
154,places,overlapping,dive bar,bar
154,plants,branching,tomatos,food
154,animals,equivocal,betta fish,fish
155,animals,branching,dalmatian,dog
155,artifact,equivocal,iron skillet,metal thing
155,places,overlapping,park,place
155,animals,overlapping,house cat,pet
155,places,equivocal,snowy mountain,cold place
155,places,branching,office,building
155,animals,equivocal,dalmatian,pet
155,plants,overlapping,carrots,carrots
155,artifact,branching,chair,thing
155,plants,branching,tomatos,food
155,plants,equivocal,burger,food
155,artifact,overlapping,wooden ruler,thing
156,places,equivocal,snowy mountain,cold place
156,artifact,overlapping,iron skillet,skillet
156,plants,branching,tomatos,plant
156,animals,branching,dalmatian,dalmatian
156,places,overlapping,hotel lobby,restaurant
156,artifact,equivocal,metal stool,metal thing
156,animals,overlapping,lion,lion
156,plants,overlapping,lettuce,plant
156,animals,equivocal,goldfish,fish
156,artifact,branching,lawnmower,thing
156,plants,equivocal,burger,food
156,places,branching,cottage,house
157,places,branching,office,place
157,artifact,equivocal,metal chair,metal thing
157,plants,equivocal,tomatos,plant
157,artifact,branching,chair,seat
157,animals,branching,dalmatian,pet
157,places,overlapping,hotel lobby,bar
157,animals,equivocal,dalmatian,pet
157,artifact,overlapping,metal chair,metal thing
157,places,equivocal,snowy mountain,cold place
157,plants,branching,carrot,carrot
157,plants,overlapping,lettuce,leaves
157,animals,overlapping,house cat,pet
158,places,overlapping,diner,place
158,animals,overlapping,golden retriever,animal
158,plants,equivocal,burger,food
158,plants,overlapping,carrots,food
158,artifact,overlapping,iron skillet,metal thing
158,animals,equivocal,dalmatian,pet
158,places,equivocal,snowy forest,outdoor place
158,artifact,equivocal,iron skillet,metal thing
158,places,branching,cottage,house
158,animals,branching,dalmatian,animal
158,plants,branching,tomatos,plant
158,artifact,branching,couch,couch
159,plants,equivocal,tomatos,plant
159,places,branching,mansion,mansion
159,animals,branching,dalmatian,dalmatian
159,animals,equivocal,dalmatian,pet
159,places,equivocal,snowy mountain,cold place
159,places,overlapping,hotel lobby,bar
159,artifact,equivocal,wooden chair,seat
159,animals,overlapping,lion,lion
159,plants,overlapping,oak,leaves
159,plants,branching,carrot,food
159,artifact,overlapping,iron skillet,metal thing
159,artifact,branching,couch,furniture
160,plants,equivocal,sunflower,plant
160,animals,overlapping,lion,animal
160,places,overlapping,diner,restaurant
160,places,equivocal,snowy mountain,cold place
160,animals,equivocal,goldfish,pet
160,plants,overlapping,carrots,food
160,animals,branching,dalmatian,dalmatian
160,artifact,equivocal,wooden chair,seat
160,plants,branching,carrot,carrot
160,artifact,overlapping,wooden ruler,thing
160,places,branching,office,building
160,artifact,branching,couch,couch
161,artifact,overlapping,wooden chair,thing
161,plants,branching,carrot,food
161,places,overlapping,diner,restaurant
161,places,branching,office,building
161,plants,overlapping,carrots,food
161,artifact,equivocal,wooden chair,seat
161,animals,overlapping,lion,lion
161,animals,equivocal,goldfish,fish
161,artifact,branching,couch,couch
161,plants,equivocal,burger,food
161,places,equivocal,sunny beach,outdoor place
161,animals,branching,dalmatian,dalmatian
162,places,equivocal,snowy mountain,outdoor place
162,artifact,equivocal,metal stool,metal thing
162,places,overlapping,diner,diner
162,animals,branching,dalmatian,dalmatian
162,artifact,overlapping,wooden chair,seat
162,artifact,branching,couch,furniture
162,animals,overlapping,lion,lion
162,plants,branching,tomatos,food
162,plants,overlapping,carrots,carrots
162,plants,equivocal,tomatos,plant
162,animals,equivocal,dalmatian,pet
162,places,branching,cottage,place
163,plants,equivocal,burger,food
163,artifact,equivocal,wooden chair,seat
163,plants,branching,carrot,carrot
163,places,equivocal,snowy forest,cold place
163,artifact,overlapping,iron skillet,metal thing
163,animals,equivocal,goldfish,fish
163,animals,overlapping,lion,lion
163,places,branching,cottage,house
163,artifact,branching,chair,seat
163,places,overlapping,diner,restaurant
163,animals,branching,whale,animal
163,plants,overlapping,oak,leaves
164,places,branching,cottage,house
164,animals,overlapping,lion,animal
164,artifact,equivocal,wooden chair,seat
164,plants,equivocal,tomatos,plant
164,plants,branching,carrot,carrot
164,places,equivocal,sunny beach,outdoor place
164,animals,branching,dalmatian,dalmatian
164,plants,overlapping,carrots,food
164,animals,equivocal,goldfish,fish
164,places,overlapping,diner,restaurant
164,artifact,overlapping,iron skillet,skillet
164,artifact,branching,couch,furniture
165,plants,branching,carrot,carrot
165,places,equivocal,snowy mountain,cold place
165,animals,branching,siamese cat,pet
165,artifact,overlapping,iron skillet,metal thing
165,places,branching,cottage,house
165,animals,overlapping,house cat,cat
165,artifact,equivocal,metal chair,seat
165,artifact,branching,chair,seat
165,plants,overlapping,carrots,food
165,plants,equivocal,sunflower,plant
165,places,overlapping,diner,diner
165,animals,equivocal,goldfish,fish
166,plants,equivocal,carrot,food
166,places,overlapping,hotel lobby,bar
166,plants,overlapping,lettuce,plant
166,places,branching,mansion,mansion
166,artifact,overlapping,iron skillet,thing
166,places,equivocal,sunny beach,outdoor place
166,plants,branching,carrot,food
166,animals,branching,dalmatian,animal
166,animals,equivocal,betta fish,fish
166,artifact,branching,chair,furniture
166,artifact,equivocal,wooden chair,seat
166,animals,overlapping,house cat,pet
167,plants,branching,tomatos,living plant
167,plants,equivocal,tomatos,plant
167,plants,overlapping,carrots,carrots
167,places,equivocal,sunny beach,outdoor place
167,animals,equivocal,dalmatian,pet
167,animals,branching,dalmatian,pet
167,artifact,branching,lawnmower,thing
167,animals,overlapping,house cat,cat
167,places,branching,cottage,house
167,artifact,overlapping,wooden ruler,thing
167,artifact,equivocal,iron skillet,metal thing
167,places,overlapping,diner,restaurant
168,artifact,overlapping,iron skillet,skillet
168,animals,branching,dalmatian,pet
168,artifact,branching,chair,seat
168,artifact,equivocal,wooden chair,seat
168,plants,overlapping,oak,leaves
168,places,equivocal,sunny beach,outdoor place
168,plants,branching,sunflower,living plant
168,animals,overlapping,lion,lion
168,places,branching,mansion,mansion
168,plants,equivocal,sunflower,plant
168,places,overlapping,diner,diner
168,animals,equivocal,goldfish,fish
169,animals,equivocal,goldfish,fish
169,artifact,equivocal,metal chair,metal thing
169,artifact,branching,couch,couch
169,plants,equivocal,burger,food
169,places,branching,mansion,house
169,artifact,overlapping,metal chair,metal thing
169,plants,branching,tomatos,food
169,plants,overlapping,oak,leaves
169,places,equivocal,snowy mountain,cold place
169,animals,overlapping,lion,lion
169,places,overlapping,dive bar,restaurant
169,animals,branching,dalmatian,dalmatian
170,plants,overlapping,carrots,carrots
170,places,branching,park,place
170,animals,overlapping,lion,animal
170,plants,equivocal,carrot,food
170,animals,equivocal,dalmatian,pet
170,plants,branching,carrot,carrot
170,artifact,overlapping,iron skillet,skillet
170,animals,branching,dalmatian,pet
170,artifact,equivocal,metal chair,metal thing
170,places,overlapping,diner,diner
170,artifact,branching,table,thing
170,places,equivocal,sunny beach,outdoor place
171,animals,equivocal,dalmatian,pet
171,places,overlapping,hotel lobby,bar
171,artifact,branching,lawnmower,thing
171,animals,branching,dalmatian,dalmatian
171,animals,overlapping,house cat,cat
171,artifact,overlapping,iron skillet,skillet
171,plants,equivocal,burger,food
171,artifact,equivocal,iron skillet,metal thing
171,places,branching,cottage,house
171,places,equivocal,snowy forest,outdoor place
171,plants,overlapping,carrots,carrots
171,plants,branching,carrot,food
172,artifact,branching,couch,couch
172,plants,overlapping,carrots,food
172,plants,branching,sunflower,plant
172,plants,equivocal,sunflower,plant
172,places,branching,park,place
172,animals,equivocal,dalmatian,pet
172,places,overlapping,park,place
172,animals,overlapping,lion,lion
172,animals,branching,dalmatian,dalmatian
172,places,equivocal,sunny beach,outdoor place
172,artifact,overlapping,iron skillet,skillet
172,artifact,equivocal,metal chair,metal thing
173,plants,overlapping,carrots,food
173,places,equivocal,snowy forest,outdoor place
173,artifact,branching,couch,couch
173,animals,overlapping,lion,animal
173,animals,equivocal,dalmatian,pet
173,artifact,equivocal,iron skillet,metal thing
173,plants,equivocal,tomatos,plant
173,places,branching,cottage,house
173,places,overlapping,diner,restaurant
173,animals,branching,siamese cat,animal
173,plants,branching,carrot,food
173,artifact,overlapping,iron skillet,skillet
174,animals,equivocal,goldfish,fish
174,artifact,equivocal,wooden chair,seat
174,plants,branching,carrot,food
174,animals,branching,dalmatian,animal
174,artifact,branching,couch,furniture
174,plants,equivocal,burger,food
174,plants,overlapping,oak,leaves
174,places,equivocal,snowy forest,cold place
174,places,branching,mansion,place
174,places,overlapping,hotel lobby,bar
174,animals,overlapping,golden retriever,pet
174,artifact,overlapping,iron skillet,thing
175,places,overlapping,hotel lobby,bar
175,animals,branching,dalmatian,dalmatian
175,artifact,branching,chair,seat
175,artifact,equivocal,metal chair,seat
175,places,branching,office,building
175,plants,overlapping,oak,leaves
175,plants,equivocal,sunflower,plant
175,animals,overlapping,house cat,cat
175,artifact,overlapping,iron skillet,metal thing
175,plants,branching,sunflower,living plant
175,places,equivocal,sunny beach,outdoor place
175,animals,equivocal,dalmatian,pet
176,places,overlapping,diner,restaurant
176,animals,overlapping,house cat,cat
176,artifact,branching,chair,thing
176,plants,equivocal,burger,food
176,plants,branching,carrot,food
176,artifact,overlapping,iron skillet,skillet
176,places,branching,park,place
176,animals,branching,poodle,dog
176,places,equivocal,sunny beach,outdoor place
176,artifact,equivocal,metal chair,metal thing
176,animals,equivocal,betta fish,fish
176,plants,overlapping,oak,leaves
177,places,equivocal,snowy forest,cold place
177,places,branching,park,place
177,plants,branching,tomatos,living plant
177,animals,equivocal,dalmatian,pet
177,plants,equivocal,tomatos,plant
177,artifact,overlapping,iron skillet,thing
177,artifact,equivocal,metal stool,metal thing
177,places,overlapping,diner,diner
177,animals,overlapping,house cat,cat
177,artifact,branching,chair,seat
177,plants,overlapping,flower,plant
177,animals,branching,dalmatian,dog
178,places,overlapping,diner,diner
178,places,branching,mansion,mansion
178,animals,equivocal,dalmatian,pet
178,artifact,overlapping,iron skillet,thing
178,plants,equivocal,tomatos,plant
178,animals,branching,dalmatian,dog
178,animals,overlapping,house cat,cat
178,artifact,branching,chair,thing
178,places,equivocal,snowy mountain,outdoor place
178,plants,overlapping,flower,plant
178,plants,branching,carrot,carrot
178,artifact,equivocal,iron skillet,metal thing
179,places,branching,mansion,place
179,places,overlapping,diner,restaurant
179,animals,overlapping,lion,lion
179,plants,equivocal,burger,food
179,animals,branching,dalmatian,pet
179,plants,overlapping,carrots,food
179,artifact,overlapping,wooden ruler,thing
179,animals,equivocal,dalmatian,pet
179,artifact,equivocal,wooden chair,seat
179,artifact,branching,couch,furniture
179,plants,branching,tomatos,food
179,places,equivocal,snowy forest,cold place
180,animals,branching,dalmatian,pet
180,animals,overlapping,house cat,cat
180,artifact,branching,couch,couch
180,artifact,overlapping,wooden chair,seat
180,plants,branching,carrot,carrot
180,plants,overlapping,oak,plant
180,places,overlapping,diner,place
180,animals,equivocal,betta fish,fish
180,places,branching,mansion,house
180,artifact,equivocal,iron skillet,metal thing
180,plants,equivocal,tomatos,plant
180,places,equivocal,ice hotel room,cold place
181,artifact,equivocal,iron skillet,metal thing
181,places,branching,office,building
181,animals,equivocal,dalmatian,pet
181,animals,branching,poodle,pet
181,places,equivocal,sunny beach,outdoor place
181,plants,branching,tomatos,food
181,animals,overlapping,house cat,cat
181,artifact,overlapping,wooden chair,seat
181,places,overlapping,diner,restaurant
181,artifact,branching,chair,seat
181,plants,overlapping,carrots,carrots
181,plants,equivocal,carrot,plant
182,animals,branching,dalmatian,dalmatian
182,places,branching,cottage,house
182,places,equivocal,sunny beach,outdoor place
182,animals,equivocal,goldfish,fish
182,artifact,overlapping,wooden ruler,thing
182,plants,overlapping,lettuce,plant
182,artifact,branching,couch,furniture
182,plants,equivocal,carrot,plant
182,plants,branching,tomatos,living plant
182,animals,overlapping,lion,lion
182,places,overlapping,diner,place
182,artifact,equivocal,iron skillet,metal thing
183,places,equivocal,snowy mountain,cold place
183,artifact,equivocal,iron skillet,metal thing
183,places,overlapping,diner,diner
183,animals,branching,dalmatian,animal
183,places,branching,cottage,house
183,artifact,branching,lawnmower,thing
183,plants,equivocal,burger,food
183,animals,equivocal,goldfish,fish
183,plants,overlapping,lettuce,leaves
183,artifact,overlapping,iron skillet,thing
183,animals,overlapping,lion,animal
183,plants,branching,sunflower,living plant
184,artifact,overlapping,iron skillet,metal thing
184,plants,equivocal,burger,food
184,plants,overlapping,carrots,carrots
184,animals,equivocal,betta fish,fish
184,animals,overlapping,golden retriever,pet
184,places,overlapping,hotel lobby,place
184,plants,branching,sunflower,plant
184,artifact,equivocal,metal stool,metal thing
184,places,equivocal,snowy forest,outdoor place
184,places,branching,mansion,place
184,artifact,branching,couch,couch
184,animals,branching,poodle,dog
185,animals,branching,siamese cat,pet
185,animals,overlapping,house cat,cat
185,places,branching,cottage,house
185,animals,equivocal,goldfish,fish
185,places,overlapping,diner,diner
185,artifact,overlapping,wooden chair,seat
185,places,equivocal,snowy forest,cold place
185,artifact,equivocal,metal stool,seat
185,plants,equivocal,tomatos,plant
185,plants,branching,tomatos,plant
185,artifact,branching,couch,couch
185,plants,overlapping,oak,leaves
186,artifact,equivocal,iron skillet,metal thing
186,artifact,overlapping,iron skillet,skillet
186,animals,branching,dalmatian,pet
186,artifact,branching,chair,seat
186,animals,overlapping,lion,lion
186,places,overlapping,diner,diner
186,places,equivocal,ice hotel room,cold place
186,plants,equivocal,burger,food
186,places,branching,mansion,mansion
186,animals,equivocal,dalmatian,pet
186,plants,branching,tomatos,food
186,plants,overlapping,flower,plant
187,plants,overlapping,carrots,food
187,plants,branching,carrot,carrot
187,plants,equivocal,burger,food
187,artifact,equivocal,wooden chair,seat
187,places,branching,office,building
187,animals,overlapping,house cat,cat
187,animals,branching,poodle,pet
187,artifact,overlapping,wooden chair,seat
187,places,equivocal,snowy forest,outdoor place
187,artifact,branching,couch,furniture
187,places,overlapping,hotel lobby,bar
187,animals,equivocal,dalmatian,pet
188,animals,branching,dalmatian,pet
188,plants,branching,tomatos,plant
188,plants,equivocal,tomatos,plant
188,artifact,overlapping,wooden chair,seat
188,places,equivocal,snowy forest,outdoor place
188,places,branching,mansion,place
188,plants,overlapping,oak,leaves
188,animals,equivocal,goldfish,fish
188,artifact,branching,couch,couch
188,animals,overlapping,lion,lion
188,places,overlapping,diner,diner
188,artifact,equivocal,metal chair,metal thing
189,plants,overlapping,oak,plant
189,artifact,equivocal,metal chair,seat
189,places,overlapping,hotel lobby,place
189,animals,equivocal,dalmatian,pet
189,animals,branching,poodle,dog
189,artifact,branching,lawnmower,thing
189,places,branching,cottage,house
189,places,equivocal,snowy forest,outdoor place
189,artifact,overlapping,iron skillet,skillet
189,plants,branching,carrot,carrot
189,animals,overlapping,house cat,animal
189,plants,equivocal,sunflower,food
190,places,overlapping,diner,diner
190,places,branching,mansion,building
190,artifact,equivocal,wooden chair,seat
190,plants,equivocal,tomatos,plant
190,animals,branching,dalmatian,dog
190,animals,equivocal,goldfish,pet
190,animals,overlapping,lion,lion
190,plants,overlapping,oak,leaves
190,artifact,overlapping,wooden chair,seat
190,artifact,branching,table,furniture
190,places,equivocal,sunny beach,cold place
190,plants,branching,carrot,carrot
191,artifact,branching,table,furniture
191,artifact,overlapping,iron skillet,skillet
191,places,equivocal,snowy forest,cold place
191,plants,branching,tomatos,food
191,places,branching,mansion,mansion
191,plants,overlapping,oak,plant
191,animals,equivocal,betta fish,pet
191,places,overlapping,park,place
191,animals,overlapping,house cat,pet
191,plants,equivocal,burger,food
191,animals,branching,whale,animal
191,artifact,equivocal,metal stool,metal thing
